Timestamp,150_MEANPCROSS/150-MEANMEMP/OUT.CV No EngUnits,150_MEANPCROSS/150-TRANSP_PSI/OUT.CV No EngUnits,150_MEMPDROP/150-PDROP_PSI/OUT.CV No EngUnits,CE-150-01/AI1/OUT.CV µS/cm,CE-150-03/AI1/OUT.CV µS/cm,CIT150-01/BLOCK1/OUT.CV ppm,CIT150-01/BLOCK2/OUT.CV µS/cm,CIT150-02/BLOCK1/OUT.CV ppm,CIT150-02/BLOCK2/OUT.CV µS,CIT150-02/COND/OUT.CV µS/cm,CIT150-02/PPM/OUT.CV ppm,CIT150-02/TEMP/OUT.CV °C,CIT150-03/BLOCK1/OUT.CV ppm,CIT150-03/BLOCK2/OUT.CV µS/cm,CIT150-04/BLOCK1/OUT.CV ppm,CIT150-04/COND/OUT.CV µS/cm,FE-150-01/AI1/OUT.CV LPM,FE-150-03/AI1/OUT.CV LPM,FIT150-01/AI1/OUT.CV l/min,FIT150-01/BLOCK1/OUT.CV l/min,FIT150-02/BLOCK1/OUT.CV l/min,FIT150-03/AI1/OUT.CV l/min,FIT150-03/BLOCK1/OUT.CV l/min,FIT150-04/BLOCK1/OUT.CV l/min,FIT150-05/DENS/OUT.CV kg/m3,FIT150-05/MASS/OUT.CV kg/min,FIT150-05/TEMP/OUT.CV °C,FIT150-05/VOL/OUT.CV L/min,FIT150-05/VOL/PV.CV L/min,PIT150-01/P_INLET/OUT.CV psi,PIT150-02/PSIA/OUT.CV psia,PIT150-02/PSIG/OUT.CV psig,PIT150-03/PSIA/OUT.CV psia,PIT150-03/PSIG/OUT.CV psig
2025-04-30 18:00:00+00:00,0.1393653005361557,0.020627224817872047,-0.14194247126579285,613.4413452148438,682.035400390625,-1248.51171875,-2499.52294921875,Shutdown,Shutdown,0.0006433336529880762,0.0028327053878456354,21.770870208740234,-1248.630859375,-2499.761474609375,0.2679874897003174,0.44329941272735596,0.007653492968529463,0.0033618926536291838,0.0,Shutdown,-0.0016164747066795826,1.814316749572754,Shutdown,-0.00137325597461313,412.35107421875,-0.24776113033294678,22.23958396911621,-0.6236986517906189,-0.5763345956802368,0.06389901787042618,14.813374519348145,0.11737462878227234,14.902200698852539,0.20620082318782806
2025-04-30 18:00:30+00:00,0.13930027186870575,0.02058514952659607,-0.14424149692058563,613.5843505859375,682.6790771484375,-1248.51171875,-2499.52294921875,Shutdown,Shutdown,0.0006430473877117038,0.0028295847587287426,21.770292282104492,-1248.630859375,-2499.761474609375,0.2679874897003174,0.4433097541332245,0.007653492968529463,0.0033618926536291838,0.0,Shutdown,-0.0016164747066795826,1.8023003339767456,Shutdown,-0.00137325597461313,415.325439453125,-0.21461790800094604,22.239028930664062,-0.5407670736312866,-0.5149269104003906,0.06389901787042618,14.813372611999512,0.11737298965454102,14.90077018737793,0.2047703117132187
2025-04-30 18:01:00+00:00,0.139235258102417,0.02054307609796524,-0.1465405374765396,614.1565551757812,683.4658813476562,-1248.51171875,-2499.52294921875,Shutdown,Shutdown,0.0006427610642276704,0.0028264643624424934,21.77204704284668,-1248.630859375,-2499.761474609375,0.2679874897003174,0.443320095539093,0.007653492968529463,0.0033618926536291838,0.0,Shutdown,-0.0016164747066795826,1.812027931213379,Shutdown,-0.00137325597461313,411.8984375,-0.22708234190940857,22.238473892211914,-0.525172233581543,-0.5813220739364624,0.06389901787042618,14.813371658325195,0.1173713430762291,14.902264595031738,0.2062644064426422
2025-04-30 18:01:30+00:00,0.13917022943496704,0.02050100266933441,-0.1482861191034317,612.869140625,683.6089477539062,-1248.51171875,-2499.52294921875,Shutdown,Shutdown,0.000642474798951298,0.0028233437333256006,21.773801803588867,-1248.630859375,-2499.761474609375,0.2679874897003174,0.44333040714263916,0.007653492968529463,0.0033618926536291838,0.0,Shutdown,-0.0016164747066795826,1.8131723403930664,Shutdown,-0.00137325597461313,413.035400390625,-0.22768235206604004,22.2379207611084,-0.5753211379051208,-0.5272880792617798,0.06389901787042618,14.813369750976562,0.11736969649791718,14.904648780822754,0.20864859223365784
2025-04-30 18:02:00+00:00,0.1391052007675171,0.020458929240703583,-0.1494782269001007,612.9406127929688,683.1082763671875,-1248.51171875,-2499.52294921875,Shutdown,Shutdown,0.0006421884754672647,0.0028202233370393515,21.775556564331055,-1248.630859375,-2499.761474609375,0.2679874897003174,0.4433407485485077,0.007653492968529463,0.0033618926536291838,0.0,Shutdown,-0.0016164747066795826,1.8274776935577393,Shutdown,-0.00137325597461313,414.5331726074219,-0.2192266583442688,22.23736572265625,-0.5469943881034851,-0.5115349292755127,0.06389901787042618,14.81336784362793,0.11736804991960526,14.90703296661377,0.21103277802467346
2025-04-30 18:02:30+00:00,0.13904018700122833,0.020416855812072754,-0.1506703495979309,613.7989501953125,682.8221435546875,-1248.51171875,-2499.52294921875,Shutdown,Shutdown,0.0006419022101908922,0.0028171027079224586,21.777311325073242,-1248.630859375,-2499.761474609375,0.2679874897003174,0.4433510899543762,0.007653492968529463,0.0033618926536291838,0.0,Shutdown,-0.0016164747066795826,1.805733561515808,Shutdown,-0.00137325597461313,414.2149353027344,-0.23790280520915985,22.2368106842041,-0.5945621728897095,-0.5513964891433716,0.06389901787042618,14.813365936279297,0.11736640334129333,14.90740966796875,0.2114102691411972
2025-04-30 18:03:00+00:00,0.13897515833377838,0.020374780520796776,-0.15186245739459991,614.0850219726562,683.0367431640625,-1248.51171875,-2499.52294921875,Shutdown,Shutdown,0.0006416159449145198,0.0028139823116362095,21.779064178466797,-1248.630859375,-2499.761474609375,0.2679874897003174,0.44336140155792236,0.007653492968529463,0.0033618926536291838,0.0,Shutdown,-0.0016164747066795826,1.8343443870544434,Shutdown,-0.00137325597461313,413.6978759765625,-0.2144288420677185,22.236255645751953,-0.5188158750534058,-0.5334079265594482,0.06389901787042618,14.81336498260498,0.11736475676298141,14.907176971435547,0.2111770361661911
2025-04-30 18:03:30+00:00,0.13891014456748962,0.020332707092165947,-0.1520673632621765,613.7989501953125,683.2512817382812,-1248.51171875,-2499.52294921875,Shutdown,Shutdown,0.0006413296214304864,0.0028108619153499603,21.780818939208984,-1248.630859375,-2499.761474609375,0.2679874897003174,0.4433717429637909,0.007653492968529463,0.0033618926536291838,0.0,Shutdown,-0.0016164747066795826,1.807450294494629,Shutdown,-0.00137325597461313,416.4349365234375,-0.2200617790222168,22.235702514648438,-0.5583459734916687,-0.5196569561958313,0.06389901787042618,14.813363075256348,0.1173631101846695,14.906943321228027,0.210943803191185
2025-04-30 18:04:00+00:00,0.13884511590003967,0.020290633663535118,-0.15128503739833832,614.80029296875,683.1798095703125,-1248.630859375,-2499.761474609375,Shutdown,Shutdown,0.000641043356154114,0.0028077412862330675,21.782573699951172,-1248.630859375,-2499.761474609375,0.2679874897003174,0.4433820843696594,0.007653492968529463,0.0033618926536291838,0.0,Shutdown,-0.0016164747066795826,1.823472261428833,Shutdown,-0.00137325597461313,413.8047790527344,-0.2062106430530548,22.23514747619629,-0.5295687317848206,-0.4651772379875183,0.06389901787042618,14.813361167907715,0.11736146360635757,14.906710624694824,0.2107105553150177
2025-04-30 18:04:30+00:00,0.13878008723258972,0.02019546367228031,-0.15050272643566132,614.0850219726562,683.1798095703125,-1248.51171875,-2499.52294921875,Shutdown,Shutdown,0.0006407570326700807,0.0028046208899468184,21.78432846069336,-1248.630859375,-2499.761474609375,0.2679874897003174,0.44339239597320557,0.007653492968529463,0.0033618926536291838,0.0,Shutdown,-0.0016164747066795826,1.8266193866729736,Shutdown,-0.00137325597461313,415.4266357421875,-0.2181396484375,22.23459243774414,-0.5124784111976624,-0.5156711339950562,0.06389901787042618,14.813360214233398,0.11735982447862625,14.906476974487305,0.2104773223400116
2025-04-30 18:05:00+00:00,0.13871507346630096,0.02009439468383789,-0.14972040057182312,613.7989501953125,683.0367431640625,-1248.51171875,-2499.52294921875,Shutdown,Shutdown,0.0006404707673937082,0.0028015002608299255,21.786083221435547,-1248.630859375,-2499.761474609375,0.2679874897003174,0.4434027373790741,0.007653492968529463,0.0033618926536291838,0.0,Shutdown,-0.0016164747066795826,1.8000115156173706,Shutdown,-0.00137325597461313,414.4560852050781,-0.21879245340824127,22.234039306640625,-0.5603904724121094,-0.5067123770713806,0.06389901787042618,14.813358306884766,0.11735817790031433,14.906244277954102,0.2102440893650055
2025-04-30 18:05:30+00:00,0.138650044798851,0.01999332569539547,-0.14893807470798492,613.6558837890625,683.0367431640625,-1248.51171875,-2499.52294921875,Shutdown,Shutdown,0.0006401845021173358,0.0027983798645436764,21.787837982177734,-1248.630859375,-2499.761474609375,0.2679874897003174,0.4434130787849426,0.007653492968529463,0.0033618926536291838,0.0,Shutdown,-0.0016164747066795826,1.8137445449829102,Shutdown,-0.00137325597461313,416.67266845703125,-0.20932543277740479,22.233484268188477,-0.5239870548248291,-0.5038947463035583,0.06389901787042618,14.813356399536133,0.11735653132200241,14.906010627746582,0.2100108563899994
2025-04-30 18:06:00+00:00,0.13858501613140106,0.019892258569598198,-0.14815576374530792,613.5128173828125,682.8936767578125,-1248.51171875,-2499.52294921875,Shutdown,Shutdown,0.0006398981786333025,0.0027952592354267836,21.78959083557129,-1248.630859375,-2499.761474609375,0.2679874897003174,0.44342339038848877,0.007653492968529463,0.0033618926536291838,0.0,Shutdown,-0.0016164747066795826,1.7971504926681519,Shutdown,-0.00137325597461313,416.8719787597656,-0.20792430639266968,22.232929229736328,-0.5049708485603333,-0.4970557391643524,0.06389901787042618,14.8133544921875,0.11735488474369049,14.905777931213379,0.2097776234149933
2025-04-30 18:06:30+00:00,0.1385200023651123,0.019791189581155777,-0.14737343788146973,614.1565551757812,683.1082763671875,-1248.51171875,-2499.52294921875,Shutdown,Shutdown,0.00063961191335693,0.0027921388391405344,21.791770935058594,-1248.630859375,-2499.761474609375,0.2679874897003174,0.4434337317943573,0.007653492968529463,0.0033618926536291838,0.0,Shutdown,-0.0016164747066795826,1.8180363178253174,Shutdown,-0.00137325597461313,416.29345703125,-0.20209923386573792,22.23237419128418,-0.48539164662361145,-0.5048298835754395,0.06389901787042618,14.813353538513184,0.11735323816537857,14.90554428100586,0.20954439043998718
2025-04-30 18:07:00+00:00,0.13845497369766235,0.019690120592713356,-0.14659112691879272,613.5843505859375,683.1798095703125,-1248.51171875,-2499.52294921875,Shutdown,Shutdown,0.0006393255898728967,0.0027890184428542852,21.794076919555664,-1248.630859375,-2499.761474609375,0.2679874897003174,0.44344407320022583,0.007653492968529463,0.0033618926536291838,0.0,Shutdown,-0.0016164747066795826,1.8180363178253174,Shutdown,-0.00137325597461313,415.4609680175781,-0.20133331418037415,22.231821060180664,-0.5009127855300903,-0.4675258994102478,0.06389901787042618,14.81335163116455,0.11735159158706665,14.90531063079834,0.20931114256381989
2025-04-30 18:07:30+00:00,0.1383899450302124,0.019589051604270935,-0.14580880105495453,613.7989501953125,682.5360717773438,-1248.51171875,-2499.52294921875,Shutdown,Shutdown,0.0006390393245965242,0.0027858978137373924,21.796384811401367,-1248.630859375,-2499.761474609375,0.2679874897003174,0.443454384803772,0.007653492968529463,0.0033618926536291838,0.0,Shutdown,-0.0016164747066795826,1.8229000568389893,Shutdown,-0.00137325597461313,416.53045654296875,-0.2099839746952057,22.231266021728516,-0.5187579989433289,-0.48878979682922363,0.06389901787042618,14.813349723815918,0.11734994500875473,14.905077934265137,0.20907790958881378
2025-04-30 18:08:00+00:00,0.13832493126392365,0.019487982615828514,-0.14502649009227753,613.3698120117188,683.0367431640625,-1248.51171875,-2499.52294921875,Shutdown,Shutdown,0.0006387530593201518,0.0027827774174511433,21.79869270324707,-1248.630859375,-2499.761474609375,0.2679874897003174,0.4434647262096405,0.007653492968529463,0.0033618926536291838,0.0,Shutdown,-0.0016164747066795826,1.8023003339767456,Shutdown,-0.00137325597461313,414.30340576171875,-0.21385209262371063,22.230710983276367,-0.5350292325019836,-0.48512810468673706,0.06389901787042618,14.813347816467285,0.11734829843044281,14.904844284057617,0.20884467661380768
2025-04-30 18:08:30+00:00,0.1382599025964737,0.019386913627386093,-0.14424416422843933,613.2982788085938,682.9652099609375,-1248.51171875,-2499.52294921875,Shutdown,Shutdown,0.0006384667358361185,0.0027796567883342505,21.801000595092773,-1248.630859375,-2499.761474609375,0.2679874897003174,0.44347506761550903,0.007653492968529463,0.0033618926536291838,0.0,Shutdown,-0.0016164747066795826,1.8214695453643799,Shutdown,-0.00137325597461313,413.8973693847656,-0.21922820806503296,22.23015594482422,-0.555855393409729,-0.5045493841171265,0.06389901787042618,14.813346862792969,0.11734665930271149,14.904611587524414,0.20861144363880157
2025-04-30 18:09:00+00:00,0.13819488883018494,0.019285844638943672,-0.14411377906799316,613.7274169921875,682.7506103515625,-1248.51171875,-2499.52294921875,Shutdown,Shutdown,0.000638180470559746,0.0027765363920480013,21.803308486938477,-1248.630859375,-2499.761474609375,0.2679874897003174,0.4434853792190552,0.007653492968529463,0.0033618926536291838,0.0,Shutdown,-0.0016164747066795826,1.8217556476593018,Shutdown,-0.00137325597461313,416.7616882324219,-0.20676299929618835,22.229602813720703,-0.5062336921691895,-0.48593077063560486,0.06389901787042618,14.813344955444336,0.11734501272439957,14.904377937316895,0.20837821066379547
2025-04-30 18:09:30+00:00,0.13812986016273499,0.0191847775131464,-0.14411377906799316,613.0836791992188,682.8936767578125,-1248.51171875,-2499.52294921875,Shutdown,Shutdown,0.0006378942052833736,0.0027734157629311085,21.805614471435547,-1248.630859375,-2499.761474609375,0.2679874897003174,0.4434957206249237,0.007653492968529463,0.0033618926536291838,0.0,Shutdown,-0.0016164747066795826,1.8126001358032227,Shutdown,-0.00137325597461313,413.7035827636719,-0.19778385758399963,22.229047775268555,-0.4548684358596802,-0.5004045963287354,0.06389901787042618,14.813343048095703,0.11734336614608765,14.904145240783691,0.20814497768878937
2025-04-30 18:10:00+00:00,0.13806483149528503,0.01908370852470398,-0.14411377906799316,613.5128173828125,682.8936767578125,-1248.51171875,-2499.52294921875,Shutdown,Shutdown,0.0006376078817993402,0.0027702953666448593,21.80792236328125,-1248.630859375,-2499.761474609375,0.2679874897003174,0.44350606203079224,0.007653492968529463,0.0033618926536291838,0.0,Shutdown,-0.0016164747066795826,1.8203251361846924,Shutdown,-0.00137325597461313,416.8468017578125,-0.204879492521286,22.228492736816406,-0.5076075792312622,-0.49826064705848694,0.06389901787042618,14.813342094421387,0.11734171956777573,14.903911590576172,0.20791172981262207
2025-04-30 18:10:30+00:00,0.13799981772899628,0.01898263953626156,-0.14411377906799316,614.0850219726562,682.6076049804688,-1248.51171875,-2499.52294921875,Shutdown,Shutdown,0.0006373216165229678,0.00276717497035861,21.80699920654297,-1248.630859375,-2499.761474609375,0.2679874897003174,0.4435163736343384,0.007653492968529463,0.0033618926536291838,0.0,Shutdown,-0.0016164747066795826,1.8023003339767456,Shutdown,-0.00137325597461313,416.7441711425781,-0.20400983095169067,22.227937698364258,-0.44435468316078186,-0.5352258682250977,0.06389901787042618,14.813340187072754,0.1173400729894638,14.903677940368652,0.20767849683761597
2025-04-30 18:11:00+00:00,0.13793478906154633,0.018881570547819138,-0.14411377906799316,613.0836791992188,682.6076049804688,-1248.51171875,-2499.52294921875,Shutdown,Shutdown,0.0006370352930389345,0.0027640543412417173,21.803102493286133,-1248.630859375,-2499.761474609375,0.2679874897003174,0.4435267150402069,0.007653492968529463,0.0033618926536291838,0.0,Shutdown,-0.0016164747066795826,1.803444743156433,Shutdown,-0.00137325597461313,417.6884765625,-0.18670043349266052,22.227384567260742,-0.42955413460731506,-0.46581652760505676,0.06389901787042618,14.813338279724121,0.11733842641115189,14.90344524383545,0.20744526386260986
2025-04-30 18:11:30+00:00,0.13786976039409637,0.018780501559376717,-0.14411377906799316,614.0850219726562,683.0367431640625,-1248.51171875,-2499.52294921875,Shutdown,Shutdown,0.000636749027762562,0.002760933944955468,21.803157806396484,-1248.630859375,-2499.761474609375,0.2679874897003174,0.44353705644607544,0.007653492968529463,0.0033618926536291838,0.0,Shutdown,-0.0016164747066795826,1.8271915912628174,Shutdown,-0.00137325597461313,416.54248046875,-0.20767758786678314,22.226829528808594,-0.4837915301322937,-0.5032456517219543,0.06389901787042618,14.813336372375488,0.11733677983283997,14.90321159362793,0.20721203088760376
2025-04-30 18:12:00+00:00,0.13780474662780762,0.018679432570934296,-0.14411377906799316,613.5843505859375,682.4645385742188,-1248.51171875,-2499.52294921875,Shutdown,Shutdown,0.0006364627624861896,0.0027578133158385754,21.807668685913086,-1248.630859375,-2499.761474609375,0.2679874897003174,0.44354739785194397,0.007653492968529463,0.0033618926536291838,0.0,Shutdown,-0.0016164747066795826,1.8048752546310425,Shutdown,-0.00137325597461313,416.9817810058594,-0.19497017562389374,22.226274490356445,-0.48307013511657715,-0.46528396010398865,0.06389901787042618,14.813335418701172,0.11733513325452805,14.902978897094727,0.20697879791259766
2025-04-30 18:12:30+00:00,0.13773971796035767,0.018578363582491875,-0.14429718255996704,613.0121459960938,682.9652099609375,-1248.630859375,-2499.761474609375,Shutdown,Shutdown,0.0006361764390021563,0.002754692919552326,21.812179565429688,-1248.630859375,-2499.761474609375,0.2679874897003174,0.4435577094554901,0.007653492968529463,0.0033618926536291838,0.0,Shutdown,-0.0016164747066795826,1.8148891925811768,Shutdown,-0.00137325597461313,419.718017578125,-0.2055732160806656,22.225719451904297,-0.4767068326473236,-0.5049196481704712,0.06389901787042618,14.813333511352539,0.11733349412679672,14.902745246887207,0.20674556493759155
2025-04-30 18:13:00+00:00,0.13767468929290771,0.018477294594049454,-0.1453975886106491,613.7989501953125,683.1798095703125,-1248.51171875,-2499.52294921875,Shutdown,Shutdown,0.0006358901737257838,0.0027515722904354334,21.81669044494629,-1248.630859375,-2499.761474609375,0.2679874897003174,0.44356805086135864,0.007653492968529463,0.0033618926536291838,0.0,Shutdown,-0.0016164747066795826,1.8271915912628174,Shutdown,-0.00137325597461313,419.1225891113281,-0.18945077061653137,22.22516632080078,-0.44612932205200195,-0.458415687084198,0.06389901787042618,14.813331604003906,0.1173318475484848,14.902512550354004,0.20651231706142426
2025-04-30 18:13:30+00:00,0.13760967552661896,0.018376227468252182,-0.14649800956249237,613.9420166015625,682.9652099609375,-1248.51171875,-2499.52294921875,Shutdown,Shutdown,0.0006356038502417505,0.0027484518941491842,21.821701049804688,-1248.51171875,-2499.52294921875,0.2679874897003174,0.4435783922672272,0.007653492968529463,0.0033618926536291838,0.0,Shutdown,-0.0016164747066795826,1.805733561515808,Shutdown,-0.00137325597461313,417.085693359375,-0.21710795164108276,22.224611282348633,-0.5030819773674011,-0.5427294373512268,0.06389901787042618,14.813329696655273,0.11733020097017288,14.902278900146484,0.20627908408641815
2025-04-30 18:14:00+00:00,0.137544646859169,0.01827515847980976,-0.14759843051433563,613.7274169921875,682.8936767578125,-1248.51171875,-2499.52294921875,Shutdown,Shutdown,0.000635317584965378,0.002745331497862935,21.82808494567871,-1248.630859375,-2499.761474609375,0.2679874897003174,0.4435887038707733,0.007653492968529463,0.0033618926536291838,0.0,Shutdown,-0.0016164747066795826,1.805733561515808,Shutdown,-0.00137325597461313,420.00933837890625,-0.21379795670509338,22.224056243896484,-0.4693954288959503,-0.5295319557189941,0.06389901787042618,14.813328742980957,0.11732855439186096,14.902046203613281,0.20604585111141205
2025-04-30 18:14:30+00:00,0.13747963309288025,0.01817408949136734,-0.1486988365650177,613.7989501953125,683.0367431640625,-1248.51171875,-2499.52294921875,Shutdown,Shutdown,0.0006350313196890056,0.0027422108687460423,21.834468841552734,-1248.630859375,-2499.761474609375,0.2679874897003174,0.44359904527664185,0.007653492968529463,0.0033618926536291838,0.0,Shutdown,-0.0016164747066795826,1.8208973407745361,Shutdown,-0.00137325597461313,416.7093200683594,-0.20813602209091187,22.22350311279297,-0.5068539381027222,-0.5094922184944153,0.06389901787042618,14.813326835632324,0.11732690781354904,14.901812553405762,0.20581261813640594
2025-04-30 18:15:00+00:00,0.1374146044254303,0.01807302050292492,-0.14888224005699158,613.7989501953125,683.3228149414062,-1248.51171875,-2499.52294921875,Shutdown,Shutdown,0.0006347449962049723,0.002739090472459793,21.836362838745117,-1248.630859375,-2499.761474609375,0.2679874897003174,0.4436093866825104,0.007653492968529463,0.0033618926536291838,0.0,Shutdown,-0.0016164747066795826,1.8080224990844727,Shutdown,-0.00137325597461313,416.0902099609375,-0.20073646306991577,22.22294807434082,-0.4763825535774231,-0.4620894193649292,0.06389901787042618,14.813324928283691,0.11732526123523712,14.901578903198242,0.20557938516139984
2025-04-30 18:15:30+00:00,0.13734957575798035,0.017971951514482498,-0.14831456542015076,614.943359375,682.8936767578125,-1248.51171875,-2499.52294921875,Shutdown,Shutdown,0.0006344587309285998,0.0027359698433429003,21.83448028564453,-1248.630859375,-2499.761474609375,0.2679874897003174,0.4436196982860565,0.007653492968529463,0.0033618926536291838,0.0,Shutdown,-0.0016164747066795826,1.825761079788208,Shutdown,-0.00137325597461313,418.7939147949219,-0.18503354489803314,22.222393035888672,-0.44231918454170227,-0.4554360508918762,0.06389901787042618,14.813323974609375,0.1173236146569252,14.901346206665039,0.20534613728523254
2025-04-30 18:16:00+00:00,0.1372845619916916,0.017870882526040077,-0.147633358836174,614.2996215820312,683.7520141601562,-1248.51171875,-2499.52294921875,Shutdown,Shutdown,0.0006341724074445665,0.002732849447056651,21.84032440185547,-1248.630859375,-2499.761474609375,0.2679874897003174,0.44363003969192505,0.007653492968529463,0.0033618926536291838,0.0,Shutdown,-0.0016164747066795826,1.8297667503356934,Shutdown,-0.00137325597461313,419.2599182128906,-0.2112615406513214,22.221837997436523,-0.4905050992965698,-0.5208667516708374,0.06389901787042618,14.813322067260742,0.11732196807861328,14.90111255645752,0.20511290431022644
2025-04-30 18:16:30+00:00,0.13721953332424164,0.017769813537597656,-0.14695215225219727,614.2280883789062,683.7520141601562,-1248.51171875,-2499.52294921875,Shutdown,Shutdown,0.0006338861421681941,0.0027297288179397583,21.846168518066406,-1248.630859375,-2499.761474609375,0.2679874897003174,0.4436403810977936,0.007653492968529463,0.0033618926536291838,0.0,Shutdown,-0.0016164747066795826,1.8002976179122925,Shutdown,-0.00137325597461313,418.97894287109375,-0.19193536043167114,22.221284866333008,-0.4989640414714813,-0.4172913134098053,0.06389901787042618,14.81332015991211,0.11732032895088196,14.900879859924316,0.20487967133522034
2025-04-30 18:17:00+00:00,0.1371545046567917,0.017668744549155235,-0.14627094566822052,613.8704833984375,682.8936767578125,-1248.51171875,-2499.52294921875,Shutdown,Shutdown,0.0006335998768918216,0.002726608421653509,21.852012634277344,-1248.630859375,-2499.761474609375,0.2679874897003174,0.4436506927013397,0.007653492968529463,0.0033618926536291838,0.0,Shutdown,-0.0016164747066795826,1.8023003339767456,Shutdown,-0.00137325597461313,417.6501770019531,-0.1907782405614853,22.22072982788086,-0.46421265602111816,-0.4373394548892975,0.06389901787042618,14.813318252563477,0.11731868237257004,14.900646209716797,0.20464643836021423
2025-04-30 18:17:30+00:00,0.13708949089050293,0.017567677423357964,-0.14558972418308258,614.943359375,683.0367431640625,-1248.51171875,-2499.52294921875,Shutdown,Shutdown,0.0006333135534077883,0.0027234877925366163,21.85785675048828,-1248.630859375,-2499.761474609375,0.2679874897003174,0.44366103410720825,0.007653492968529463,0.0033618926536291838,0.0,Shutdown,-0.0016164747066795826,1.8160336017608643,Shutdown,-0.00137325597461313,415.40087890625,-0.20215895771980286,22.22017478942871,-0.43951356410980225,-0.5344921350479126,0.06389901787042618,14.81331729888916,0.11731703579425812,14.900501251220703,0.20450155436992645
2025-04-30 18:18:00+00:00,0.13702446222305298,0.017466608434915543,-0.14490851759910583,613.8704833984375,682.8221435546875,-1248.51171875,-2499.52294921875,Shutdown,Shutdown,0.0006330272881314158,0.002720367396250367,21.8513126373291,-1248.630859375,-2499.761474609375,0.2679874897003174,0.4436713755130768,0.007653492968529463,0.0033618926536291838,0.0,Shutdown,-0.0016164747066795826,1.8286221027374268,Shutdown,-0.00137325597461313,416.7630615234375,-0.20801447331905365,22.219619750976562,-0.48480847477912903,-0.5124964118003845,0.06389901787042618,14.813315391540527,0.1173153892159462,14.901151657104492,0.2051517814397812
2025-04-30 18:18:30+00:00,0.13695943355560303,0.01736553944647312,-0.1442273110151291,612.9406127929688,683.2512817382812,-1248.51171875,-2499.52294921875,Shutdown,Shutdown,0.0006327409646473825,0.002717246999964118,21.856229782104492,-1248.630859375,-2499.761474609375,0.2679874897003174,0.4436816871166229,0.007653492968529463,0.0033618926536291838,0.0,Shutdown,-0.0016164747066795826,1.8048752546310425,Shutdown,-0.00137325597461313,416.8468933105469,-0.20028069615364075,22.219066619873047,-0.4507725238800049,-0.5121868848800659,0.06389901787042618,14.813313484191895,0.11731374263763428,14.901802062988281,0.20580200850963593
2025-04-30 18:19:00+00:00,0.13689441978931427,0.0172644704580307,-0.14411377906799316,614.0135498046875,683.0367431640625,-1248.630859375,-2499.761474609375,Shutdown,Shutdown,0.0006324546993710101,0.002714126370847225,21.861146926879883,-1248.630859375,-2499.761474609375,0.2679874897003174,0.44369202852249146,0.007653492968529463,0.0033618926536291838,0.0,Shutdown,-0.0016164747066795826,1.8154613971710205,Shutdown,-0.00137325597461313,417.5667724609375,-0.18531492352485657,22.2185115814209,-0.45125749707221985,-0.4411405920982361,0.06389901787042618,14.813312530517578,0.11731209605932236,14.90245246887207,0.20645225048065186
2025-04-30 18:19:30+00:00,0.13682939112186432,0.01716340146958828,-0.14411377906799316,613.9420166015625,683.3228149414062,-1248.51171875,-2499.52294921875,Shutdown,Shutdown,0.0006321684340946376,0.002711005974560976,21.866065979003906,-1248.630859375,-2499.761474609375,0.2679874897003174,0.44370236992836,0.007653492968529463,0.0033618926536291838,0.0,Shutdown,-0.0016164747066795826,1.8154613971710205,Shutdown,-0.00137325597461313,415.9715270996094,-0.20917323231697083,22.21795654296875,-0.501254677772522,-0.48092684149742126,0.06389901787042618,14.813310623168945,0.11731044948101044,14.903101921081543,0.2071024775505066
2025-04-30 18:20:00+00:00,0.13676437735557556,0.01706233248114586,-0.14411377906799316,613.5128173828125,683.6804809570312,-1248.630859375,-2499.761474609375,Shutdown,Shutdown,0.0006318821106106043,0.002707885345444083,21.870983123779297,-1248.630859375,-2499.761474609375,0.2679874897003174,0.44371268153190613,0.007653492968529463,0.0033618926536291838,0.0,Shutdown,-0.0016164747066795826,1.8154613971710205,Shutdown,-0.00137325597461313,417.21148681640625,-0.1956195831298828,22.2174015045166,-0.4543944299221039,-0.4895159900188446,0.06389901787042618,14.813308715820312,0.11730880290269852,14.903752326965332,0.20775270462036133
2025-04-30 18:20:30+00:00,0.1366993486881256,0.016961263492703438,-0.14411377906799316,613.5128173828125,683.2512817382812,-1248.51171875,-2499.52294921875,Shutdown,Shutdown,0.0006315958453342319,0.002704764949157834,21.875900268554688,-1248.51171875,-2499.52294921875,0.2679874897003174,0.44372302293777466,0.007653492968529463,0.0033618926536291838,0.0,Shutdown,-0.0016164747066795826,1.803730845451355,Shutdown,-0.00137325597461313,417.9039001464844,-0.19270680844783783,22.216848373413086,-0.44259023666381836,-0.4793255925178528,0.06389901787042618,14.81330680847168,0.1173071637749672,14.904402732849121,0.20840294659137726
2025-04-30 18:21:00+00:00,0.13663432002067566,0.016860196366906166,-0.14411377906799316,613.7989501953125,681.9638671875,-1248.51171875,-2499.52294921875,Shutdown,Shutdown,0.0006313095218501985,0.0027016443200409412,21.881027221679688,-1248.630859375,-2499.761474609375,0.2679874897003174,0.4437333643436432,0.007653492968529463,0.0033618926536291838,0.0,Shutdown,-0.0016164747066795826,1.8197529315948486,Shutdown,-0.00137325597461313,414.1207275390625,-0.20757021009922028,22.216293334960938,-0.4663057029247284,-0.5357980728149414,0.06389901787042618,14.813305854797363,0.11730551719665527,14.90505313873291,0.209053173661232
2025-04-30 18:21:30+00:00,0.1365693062543869,0.016759127378463745,-0.14411377906799316,613.3698120117188,682.9652099609375,-1248.51171875,-2499.52294921875,Shutdown,Shutdown,0.0006310232565738261,0.002698523923754692,21.887191772460938,-1248.630859375,-2499.761474609375,0.2679874897003174,0.44374367594718933,0.007653492968529463,0.0033618926536291838,0.0,Shutdown,-0.0016164747066795826,1.8000115156173706,Shutdown,-0.00137325597461313,415.943603515625,-0.18837407231330872,22.21573829650879,-0.464984267950058,-0.4513334631919861,0.06389901787042618,14.81330394744873,0.11730387061834335,14.9057035446167,0.20970341563224792
2025-04-30 18:22:00+00:00,0.13650427758693695,0.016658058390021324,-0.14411377906799316,612.9406127929688,683.0367431640625,-1248.51171875,-2499.52294921875,Shutdown,Shutdown,0.0006307369912974536,0.002695403527468443,21.893356323242188,-1248.51171875,-2499.52294921875,0.2679874897003174,0.44375401735305786,0.007653492968529463,0.0033618926536291838,0.0,Shutdown,-0.0016164747066795826,1.8277637958526611,Shutdown,-0.00137325597461313,416.4091491699219,-0.18899700045585632,22.215185165405273,-0.4726684093475342,-0.46404802799224854,0.06389901787042618,14.813302040100098,0.11730222404003143,14.906353950500488,0.21035364270210266
2025-04-30 18:22:30+00:00,0.136439248919487,0.016556989401578903,-0.14411377906799316,614.3711547851562,682.8936767578125,-1248.51171875,-2499.52294921875,Shutdown,Shutdown,0.0006304506678134203,0.00269228289835155,21.899520874023438,-1248.630859375,-2499.761474609375,0.2679874897003174,0.4437643587589264,0.007653492968529463,0.0033618926536291838,0.0,Shutdown,-0.0016164747066795826,1.8317694664001465,Shutdown,-0.00137325597461313,419.3404235839844,-0.19534608721733093,22.214630126953125,-0.44808468222618103,-0.48534417152404785,0.06389901787042618,14.813300132751465,0.11730057746171951,14.907003402709961,0.2110038697719574
2025-04-30 18:23:00+00:00,0.13637423515319824,0.016455920413136482,-0.14411377906799316,613.5843505859375,682.8936767578125,-1248.51171875,-2499.52294921875,Shutdown,Shutdown,0.0006301644025370479,0.002689162502065301,21.905685424804688,-1248.630859375,-2499.761474609375,0.2679874897003174,0.44377467036247253,0.007653492968529463,0.0033618926536291838,0.0,Shutdown,-0.0016164747066795826,1.8291943073272705,Shutdown,-0.00137325597461313,416.8493347167969,-0.19617390632629395,22.214075088500977,-0.45676255226135254,-0.48452267050743103,0.06389901787042618,14.813299179077148,0.11729893088340759,14.907231330871582,0.21123145520687103
2025-04-30 18:23:30+00:00,0.1363092064857483,0.01635485142469406,-0.14411377906799316,613.9420166015625,683.2512817382812,-1248.51171875,-2499.52294921875,Shutdown,Shutdown,0.0006298780790530145,0.002686041872948408,21.91120719909668,-1248.630859375,-2499.761474609375,0.2679874897003174,0.44378501176834106,0.007653492968529463,0.0033618926536291838,0.0,Shutdown,-0.0016164747066795826,1.8214695453643799,Shutdown,-0.00137325597461313,416.03814697265625,-0.20386692881584167,22.213520050048828,-0.4532434940338135,-0.5265665650367737,0.06389901787042618,14.813297271728516,0.11729728430509567,14.903655052185059,0.2076551765203476
2025-04-30 18:24:00+00:00,0.13624417781829834,0.01625378243625164,-0.14411377906799316,612.5830078125,683.1798095703125,-1248.51171875,-2499.52294921875,Shutdown,Shutdown,0.0006295918137766421,0.002682921476662159,21.91523551940918,-1248.51171875,-2499.52294921875,0.2679874897003174,0.4437953531742096,0.007653492968529463,0.0033618926536291838,0.0,Shutdown,-0.0016164747066795826,1.8214695453643799,Shutdown,-0.00137325597461313,416.4101257324219,-0.19528277218341827,22.212966918945312,-0.46805688738822937,-0.47207924723625183,0.06389901787042618,14.813295364379883,0.11729563772678375,14.900078773498535,0.20407889783382416
2025-04-30 18:24:30+00:00,0.13617916405200958,0.01615271344780922,-0.14411377906799316,613.2267456054688,682.6790771484375,-1248.51171875,-2499.52294921875,Shutdown,Shutdown,0.0006293055485002697,0.002679800847545266,21.919261932373047,-1248.630859375,-2499.761474609375,0.2679874897003174,0.4438056945800781,0.007653492968529463,0.0033618926536291838,0.0,Shutdown,-0.0016164747066795826,1.8083086013793945,Shutdown,-0.00137325597461313,416.3375244140625,-0.19469483196735382,22.212411880493164,-0.48716598749160767,-0.4604875147342682,0.06389901787042618,14.813294410705566,0.11729399859905243,14.896502494812012,0.20050261914730072
2025-04-30 18:25:00+00:00,0.13611413538455963,0.016051646322011948,-0.14411377906799316,612.869140625,682.8936767578125,-1248.51171875,-2499.52294921875,Shutdown,Shutdown,0.0006290192250162363,0.002676680451259017,21.923288345336914,-1248.630859375,-2499.761474609375,0.2679874897003174,0.44381600618362427,0.007653492968529463,0.0033618926536291838,0.0,Shutdown,-0.0016164747066795826,1.8114557266235352,Shutdown,-0.00137325597461313,413.4656982421875,-0.20562174916267395,22.211856842041016,-0.5120241045951843,-0.5055814981460571,0.06389901787042618,14.813292503356934,0.11729235202074051,14.894088745117188,0.1980886310338974
2025-04-30 18:25:30+00:00,0.13604912161827087,0.015950577333569527,-0.14411377906799316,613.3698120117188,682.5360717773438,-1248.51171875,-2499.52294921875,Shutdown,Shutdown,0.0006287329597398639,0.002673560054972768,21.92731475830078,-1248.630859375,-2499.761474609375,0.2679874897003174,0.4438263475894928,0.007653492968529463,0.0033618926536291838,0.0,Shutdown,-0.0016164747066795826,1.814030647277832,Shutdown,-0.00137325597461313,419.10906982421875,-0.18401430547237396,22.211301803588867,-0.4522358179092407,-0.4142126441001892,0.06389901787042618,14.8132905960083,0.11729070544242859,14.902134895324707,0.20613525807857513
2025-04-30 18:26:00+00:00,0.13598409295082092,0.015849508345127106,-0.14411377906799316,613.4413452148438,683.0367431640625,-1248.51171875,-2499.52294921875,Shutdown,Shutdown,0.0006284466362558305,0.002670439425855875,21.93134307861328,-1248.630859375,-2499.761474609375,0.2679874897003174,0.44383668899536133,0.007653492968529463,0.0033618926536291838,0.0,Shutdown,-0.0016164747066795826,1.814030647277832,Shutdown,-0.00137325597461313,419.0716857910156,-0.2264791578054428,22.210819244384766,-0.5653843283653259,-0.5269696116447449,0.06389901787042618,14.813288688659668,0.11728905886411667,14.903923034667969,0.20792339742183685
2025-04-30 18:26:30+00:00,0.13595591485500336,0.015748439356684685,-0.13338494300842285,613.7989501953125,683.2512817382812,-1248.51171875,-2499.52294921875,Shutdown,Shutdown,0.0006281603709794581,0.002667319029569626,21.93536949157715,-1248.630859375,-2499.761474609375,0.2679874897003174,0.44384700059890747,0.007653492968529463,0.0033618926536291838,0.0,Shutdown,-0.0016164747066795826,1.8157474994659424,Shutdown,-0.00137325597461313,414.7213439941406,-0.2298058420419693,22.211334228515625,-0.5481399893760681,-0.5606393218040466,0.06389901787042618,14.813287734985352,0.11728741228580475,14.903806686401367,0.2078067809343338
2025-04-30 18:27:00+00:00,0.13595591485500336,0.015647370368242264,-0.14442670345306396,613.8704833984375,683.0367431640625,-1248.51171875,-2499.52294921875,Shutdown,Shutdown,0.0006278741057030857,0.002664198400452733,21.939395904541016,-1248.630859375,-2499.761474609375,0.2679874897003174,0.443857342004776,0.007653492968529463,0.0033618926536291838,0.0,Shutdown,-0.0016164747066795826,1.8323416709899902,Shutdown,-0.00137325597461313,416.28759765625,-0.2205057144165039,22.211851119995117,-0.5365433692932129,-0.5123636722564697,0.06389901787042618,14.813285827636719,0.11728576570749283,14.903690338134766,0.20769016444683075
2025-04-30 18:27:30+00:00,0.13595591485500336,0.015580464154481888,-0.14505256712436676,613.7989501953125,683.0367431640625,-1248.51171875,-2499.52294921875,Shutdown,Shutdown,0.0006275877822190523,0.002661078004166484,21.943424224853516,-1248.630859375,-2499.761474609375,0.2679874897003174,0.44386768341064453,0.007653492968529463,0.0033618926536291838,0.0,Shutdown,-0.0016164747066795826,1.8111696243286133,Shutdown,-0.00137325597461313,417.6163330078125,-0.2305370271205902,22.212366104125977,-0.5563122630119324,-0.5414513945579529,0.06389901787042618,14.813283920288086,0.11728411912918091,14.903573036193848,0.2075735479593277
2025-04-30 18:28:00+00:00,0.13595591485500336,0.01551735308021307,-0.14567841589450836,612.654541015625,683.1082763671875,-1248.51171875,-2499.52294921875,Shutdown,Shutdown,0.0006273015169426799,0.002657957375049591,21.947450637817383,-1248.630859375,-2499.761474609375,0.2679874897003174,0.4438779950141907,0.007653492968529463,0.0033618926536291838,0.0,Shutdown,-0.0016164747066795826,1.8160336017608643,Shutdown,-0.00137325597461313,415.15911865234375,-0.2328224778175354,22.212881088256836,-0.5503540635108948,-0.5567381381988525,0.06389901787042618,14.813282012939453,0.11728247255086899,14.903456687927246,0.20745693147182465
2025-04-30 18:28:30+00:00,0.13595591485500336,0.015454242005944252,-0.14630427956581116,613.0121459960938,682.8936767578125,-1248.51171875,-2499.52294921875,Shutdown,Shutdown,0.0006270152516663074,0.002654836978763342,21.951595306396484,-1248.630859375,-2499.761474609375,0.2679874897003174,0.4438883364200592,0.007653492968529463,0.0033618926536291838,0.0,Shutdown,-0.0016164747066795826,1.8091669082641602,Shutdown,-0.00137325597461313,414.8200378417969,-0.22852905094623566,22.213397979736328,-0.5287182331085205,-0.5682005882263184,0.06389901787042618,14.813281059265137,0.11728083342313766,14.903340339660645,0.2073403149843216
2025-04-30 18:29:00+00:00,0.13595591485500336,0.015391131862998009,-0.14693012833595276,613.8704833984375,683.3228149414062,-1248.51171875,-2499.52294921875,Shutdown,Shutdown,0.0006267289281822741,0.0026517165824770927,21.955942153930664,-1248.630859375,-2499.761474609375,0.2679874897003174,0.44389867782592773,0.007653492968529463,0.0033618926536291838,0.0,Shutdown,-0.0016164747066795826,1.8197529315948486,Shutdown,-0.00137325597461313,414.9931945800781,-0.22458943724632263,22.213912963867188,-0.5522631406784058,-0.5552591681480408,0.06389901787042618,14.813279151916504,0.11727918684482574,14.903223991394043,0.20722368359565735
2025-04-30 18:29:30+00:00,0.13595591485500336,0.01532802078872919,-0.14755597710609436,613.4413452148438,683.3228149414062,-1248.51171875,-2499.52294921875,Shutdown,Shutdown,0.0006264426629059017,0.0026485959533602,21.960289001464844,-1248.630859375,-2499.761474609375,0.2679874897003174,0.4439089894294739,0.007653492968529463,0.0033618926536291838,0.0,Shutdown,-0.0016164747066795826,1.832913875579834,Shutdown,-0.00137325597461313,417.2041931152344,-0.23365387320518494,22.21442985534668,-0.5476778149604797,-0.5700928568840027,0.06389901787042618,14.813277244567871,0.11727754026651382,14.903106689453125,0.2071070671081543
2025-04-30 18:30:00+00:00,0.13595591485500336,0.015264909714460373,-0.14818184077739716,613.2267456054688,683.1798095703125,-1248.51171875,-2499.52294921875,Shutdown,Shutdown,0.0006261563394218683,0.0026454755570739508,21.964637756347656,-1248.630859375,-2499.761474609375,0.2679874897003174,0.4439193308353424,0.007653492968529463,0.0033618926536291838,0.0,Shutdown,-0.0016164747066795826,1.834916591644287,Shutdown,-0.00137325597461313,416.5870056152344,-0.22490176558494568,22.21494483947754,-0.5542912483215332,-0.5386148691177368,0.06389901787042618,14.813276290893555,0.1172758936882019,14.902990341186523,0.20699045062065125
2025-04-30 18:30:30+00:00,0.13595591485500336,0.01520179957151413,-0.14880768954753876,614.2996215820312,683.3943481445312,-1248.51171875,-2499.52294921875,Shutdown,Shutdown,0.0006258700741454959,0.002642354927957058,21.968984603881836,-1248.630859375,-2499.761474609375,0.2679874897003174,0.44392967224121094,0.007653492968529463,0.0033618926536291838,0.0,Shutdown,-0.0016164747066795826,1.8111696243286133,Shutdown,-0.00137325597461313,417.40924072265625,-0.22087804973125458,22.2154598236084,-0.4897707998752594,-0.5718585848808289,0.06389901787042618,14.813274383544922,0.11727424710988998,14.902873992919922,0.2068738341331482
2025-04-30 18:31:00+00:00,0.13595591485500336,0.015138688497245312,-0.14943355321884155,614.1565551757812,682.8936767578125,-1248.51171875,-2499.52294921875,Shutdown,Shutdown,0.0006255838088691235,0.002639234531670809,21.961435317993164,-1248.630859375,-2499.761474609375,0.2679874897003174,0.4439399838447571,0.007653492968529463,0.0033618926536291838,0.0,Shutdown,-0.0016164747066795826,1.8286221027374268,Shutdown,-0.00137325597461313,417.3231201171875,-0.22258716821670532,22.21597671508789,-0.5628906488418579,-0.5045020580291748,0.06389901787042618,14.813272476196289,0.11727260053157806,14.902756690979004,0.20675721764564514
2025-04-30 18:31:30+00:00,0.13595591485500336,0.015075577422976494,-0.15005940198898315,614.4426879882812,683.3943481445312,-1248.51171875,-2499.52294921875,Shutdown,Shutdown,0.0006252974853850901,0.002636113902553916,21.965028762817383,-1248.630859375,-2499.761474609375,0.2679874897003174,0.4439503252506256,0.007653492968529463,0.0033618926536291838,0.0,Shutdown,-0.0016164747066795826,1.8114557266235352,Shutdown,-0.00137325597461313,414.63299560546875,-0.21725618839263916,22.21649169921875,-0.5211455821990967,-0.5273395776748657,0.06389901787042618,14.813270568847656,0.11727095395326614,14.902640342712402,0.2066406011581421
2025-04-30 18:32:00+00:00,0.13595591485500336,0.015012466348707676,-0.15068526566028595,613.1552124023438,682.8221435546875,-1248.51171875,-2499.52294921875,Shutdown,Shutdown,0.0006250112201087177,0.002632993506267667,21.9686222076416,-1248.630859375,-2499.761474609375,0.2679874897003174,0.44396066665649414,0.007653492968529463,0.0033618926536291838,0.0,Shutdown,-0.0016164747066795826,1.830625057220459,Shutdown,-0.00137325597461313,417.14801025390625,-0.2286553680896759,22.21700668334961,-0.5677469968795776,-0.5271283388137817,0.06389901787042618,14.81326961517334,0.11726930737495422,14.9025239944458,0.20652398467063904
2025-04-30 18:32:30+00:00,0.13595591485500336,0.014949356205761433,-0.15131111443042755,614.2996215820312,683.6089477539062,-1248.51171875,-2499.52294921875,Shutdown,Shutdown,0.0006247248966246843,0.0026298731099814177,21.97221565246582,-1248.630859375,-2499.761474609375,0.2679874897003174,0.4439709782600403,0.007653492968529463,0.0033618926536291838,0.0,Shutdown,-0.0016164747066795826,1.8163197040557861,Shutdown,-0.00137325597461313,416.7228088378906,-0.20544517040252686,22.2175235748291,-0.5204023122787476,-0.48673614859580994,0.06389901787042618,14.813267707824707,0.1172676682472229,14.9024076461792,0.206407368183136
2025-04-30 18:33:00+00:00,0.13595591485500336,0.014886245131492615,-0.15193697810173035,613.0121459960938,683.3228149414062,-1248.51171875,-2499.52294921875,Shutdown,Shutdown,0.0006244386313483119,0.002626752480864525,21.975807189941406,-1248.630859375,-2499.761474609375,0.2679874897003174,0.4439813196659088,0.007653492968529463,0.0033618926536291838,0.0,Shutdown,-0.0016164747066795826,1.8174641132354736,Shutdown,-0.00137325597461313,414.9645690917969,-0.22116290032863617,22.21803855895996,-0.5065737962722778,-0.5587542057037354,0.06389901787042618,14.813265800476074,0.11726602166891098,14.902290344238281,0.20629075169563293
2025-04-30 18:33:30+00:00,0.13595591485500336,0.014823134057223797,-0.15141542255878448,613.0121459960938,683.1798095703125,-1248.51171875,-2499.52294921875,Shutdown,Shutdown,0.0006241523660719395,0.0026236320845782757,21.979400634765625,-1248.630859375,-2499.761474609375,0.2679874897003174,0.44399166107177734,0.007653492968529463,0.0033618926536291838,0.0,Shutdown,-0.0016164747066795826,1.8146028518676758,Shutdown,-0.00137325597461313,419.8325500488281,-0.21963001787662506,22.21855354309082,-0.5204997062683105,-0.526229739189148,0.06389901787042618,14.813263893127441,0.11726437509059906,14.90217399597168,0.20617413520812988
2025-04-30 18:34:00+00:00,0.13595591485500336,0.014760023914277554,-0.1451568752527237,613.7989501953125,683.3943481445312,-1248.51171875,-2499.52294921875,Shutdown,Shutdown,0.0006238660425879061,0.002620511455461383,21.984901428222656,-1248.630859375,-2499.761474609375,0.2679874897003174,0.4440019726753235,0.007653492968529463,0.0033618926536291838,0.0,Shutdown,-0.0016164747066795826,1.823472261428833,Shutdown,-0.00137325597461313,417.6138000488281,-0.21929481625556946,22.219070434570312,-0.5569556355476379,-0.5302777290344238,0.06389901787042618,14.813262939453125,0.11726272851228714,14.902057647705078,0.20605751872062683
2025-04-30 18:34:30+00:00,0.13595591485500336,0.014696912840008736,-0.1447523981332779,614.0850219726562,682.9652099609375,-1248.51171875,-2499.52294921875,Shutdown,Shutdown,0.0006235797773115337,0.0026173910591751337,21.98862075805664,-1248.630859375,-2499.761474609375,0.2679874897003174,0.444012314081192,0.007653492968529463,0.0033618926536291838,0.0,Shutdown,-0.0016164747066795826,1.828049898147583,Shutdown,-0.00137325597461313,414.2919921875,-0.22079071402549744,22.219585418701172,-0.5298869609832764,-0.5234668254852295,0.06389901787042618,14.813261032104492,0.11726108193397522,14.90194034576416,0.20594090223312378
2025-04-30 18:35:00+00:00,0.13595591485500336,0.014633801765739918,-0.14551874995231628,613.8704833984375,683.3228149414062,-1248.51171875,-2499.52294921875,Shutdown,Shutdown,0.0006232934538275003,0.002614270430058241,21.98124885559082,-1248.630859375,-2499.761474609375,0.2679874897003174,0.44402265548706055,0.007653492968529463,0.0033618926536291838,0.0,Shutdown,-0.0016164747066795826,1.828049898147583,Shutdown,-0.00137325597461313,418.07269287109375,-0.21929894387722015,22.22010040283203,-0.5107868313789368,-0.5391431450843811,0.06389901787042618,14.81325912475586,0.1172594353556633,14.901823997497559,0.20582427084445953
2025-04-30 18:35:30+00:00,0.13595591485500336,0.0145706906914711,-0.14628508687019348,613.5843505859375,683.6804809570312,-1248.51171875,-2499.52294921875,Shutdown,Shutdown,0.0006230071885511279,0.0026111500337719917,21.988750457763672,-1248.630859375,-2499.761474609375,0.2679874897003174,0.4440329670906067,0.007653492968529463,0.0033618926536291838,0.0,Shutdown,-0.0016164747066795826,1.814030647277832,Shutdown,-0.00137325597461313,418.74932861328125,-0.2159067988395691,22.220617294311523,-0.5298287272453308,-0.5016981959342957,0.06389901787042618,14.813258171081543,0.11725778877735138,14.901707649230957,0.20570765435695648
2025-04-30 18:36:00+00:00,0.13595591485500336,0.014507580548524857,-0.14705143868923187,614.1565551757812,683.3943481445312,-1248.51171875,-2499.52294921875,Shutdown,Shutdown,0.0006227209232747555,0.0026080296374857426,21.99625015258789,-1248.630859375,-2499.761474609375,0.2679874897003174,0.4440433084964752,0.007653492968529463,0.0033618926536291838,0.0,Shutdown,-0.0016164747066795826,1.8054474592208862,Shutdown,-0.00137325597461313,417.14483642578125,-0.21689459681510925,22.221132278442383,-0.49662384390830994,-0.5313056111335754,0.06389901787042618,14.81325626373291,0.11725614219903946,14.901591300964355,0.20559103786945343
2025-04-30 18:36:30+00:00,0.13595591485500336,0.014444469474256039,-0.14739203453063965,613.7989501953125,683.4658813476562,-1248.51171875,-2499.52294921875,Shutdown,Shutdown,0.0006224345997907221,0.0026049090083688498,21.990999221801758,-1248.630859375,-2499.761474609375,0.2679874897003174,0.44405364990234375,0.007653492968529463,0.0033618926536291838,0.0,Shutdown,-0.0016164747066795826,1.8309111595153809,Shutdown,-0.00137325597461313,417.4771728515625,-0.21277162432670593,22.221649169921875,-0.4966851770877838,-0.5186384916305542,0.06389901787042618,14.813254356384277,0.11725450307130814,14.901473999023438,0.20547442138195038
2025-04-30 18:37:00+00:00,0.13595591485500336,0.01438135839998722,-0.14560389518737793,613.7989501953125,683.1798095703125,-1248.51171875,-2499.52294921875,Shutdown,Shutdown,0.0006221483345143497,0.0026017886120826006,21.99850082397461,-1248.630859375,-2499.761474609375,0.2679874897003174,0.4440639913082123,0.007653492968529463,0.0033618926536291838,0.0,Shutdown,-0.0016164747066795826,1.8286221027374268,Shutdown,-0.00137325597461313,413.39959716796875,-0.23843136429786682,22.222164154052734,-0.5526301860809326,-0.5984643697738647,0.06389901787042618,14.813252449035645,0.11725285649299622,14.901357650756836,0.20535780489444733
2025-04-30 18:37:30+00:00,0.13595591485500336,0.014318248257040977,-0.1438157558441162,613.6558837890625,683.3228149414062,-1248.51171875,-2499.52294921875,Shutdown,Shutdown,0.0006218620110303164,0.0025986679829657078,22.006000518798828,-1248.630859375,-2499.761474609375,0.2679874897003174,0.4440743029117584,0.007653492968529463,0.0033618926536291838,0.0,Shutdown,-0.0016164747066795826,1.8177502155303955,Shutdown,-0.00137325597461313,417.1666564941406,-0.22545041143894196,22.222679138183594,-0.562401533126831,-0.5187196731567383,0.06389901787042618,14.813251495361328,0.1172512099146843,14.901241302490234,0.20524118840694427
2025-04-30 18:38:00+00:00,0.13595591485500336,0.01425513718277216,-0.1420276165008545,612.5830078125,682.9652099609375,-1248.51171875,-2499.52294921875,Shutdown,Shutdown,0.0006215757457539439,0.0025955475866794586,22.004615783691406,-1248.630859375,-2499.761474609375,0.2679874897003174,0.44408464431762695,0.007653492968529463,0.0033618926536291838,0.0,Shutdown,-0.0016164747066795826,1.8286221027374268,Shutdown,-0.00137325597461313,418.162109375,-0.22099752724170685,22.223196029663086,-0.5200468301773071,-0.5199286341667175,0.06389901787042618,14.813249588012695,0.11724956333637238,14.901124000549316,0.20512457191944122
2025-04-30 18:38:30+00:00,0.13595591485500336,0.014192026108503342,-0.14098453521728516,613.6558837890625,682.8221435546875,-1248.51171875,-2499.52294921875,Shutdown,Shutdown,0.0006212894804775715,0.002592426957562566,22.00283432006836,-1248.630859375,-2499.761474609375,0.2679874897003174,0.4440949857234955,0.007653492968529463,0.0033618926536291838,0.0,Shutdown,-0.0016164747066795826,1.8320555686950684,Shutdown,-0.00137325597461313,415.21588134765625,-0.20925292372703552,22.223711013793945,-0.4883267879486084,-0.5188580751419067,0.06389901787042618,14.813247680664062,0.11724791675806046,14.901007652282715,0.20500795543193817
2025-04-30 18:39:00+00:00,0.13595591485500336,0.014128915965557098,-0.14366674423217773,614.1565551757812,683.2512817382812,-1248.51171875,-2499.52294921875,Shutdown,Shutdown,0.0006210031569935381,0.0025893065612763166,22.007558822631836,-1248.630859375,-2499.761474609375,0.2679874897003174,0.4441052973270416,0.007653492968529463,0.0033618926536291838,0.0,Shutdown,-0.0016164747066795826,1.8151752948760986,Shutdown,-0.00137325597461313,417.1628112792969,-0.21771767735481262,22.224225997924805,-0.5390680432319641,-0.5352307558059692,0.06389901787042618,14.81324577331543,0.11724627017974854,14.900891304016113,0.20489133894443512
2025-04-30 18:39:30+00:00,0.13595591485500336,0.01406580489128828,-0.1463489532470703,614.0135498046875,683.5374145507812,-1248.51171875,-2499.52294921875,Shutdown,Shutdown,0.0006207168917171657,0.002586185932159424,22.012283325195312,-1248.630859375,-2499.761474609375,0.2679874897003174,0.44411563873291016,0.007653492968529463,0.0033618926536291838,0.0,Shutdown,-0.0016164747066795826,1.8383498191833496,Shutdown,-0.00137325597461313,418.854248046875,-0.22052805125713348,22.224742889404297,-0.4957011342048645,-0.5273441076278687,0.06389901787042618,14.813244819641113,0.11724462360143661,14.900774955749512,0.20477472245693207
2025-04-30 18:40:00+00:00,0.13595591485500336,0.014002693817019463,-0.1490311622619629,614.1565551757812,682.9652099609375,-1248.630859375,-2499.761474609375,Shutdown,Shutdown,0.0006204305682331324,0.0025830655358731747,22.01700782775879,-1248.630859375,-2499.761474609375,0.2679874897003174,0.4441259801387787,0.007653492968529463,0.0033618926536291838,0.0,Shutdown,-0.0016164747066795826,1.8197529315948486,Shutdown,-0.00137325597461313,416.14111328125,-0.22169938683509827,22.225257873535156,-0.501022458076477,-0.5625066757202148,0.06389901787042618,14.81324291229248,0.1172429770231247,14.900657653808594,0.20465810596942902
2025-04-30 18:40:30+00:00,0.13595591485500336,0.013939582742750645,-0.15083284676074982,614.2996215820312,682.6790771484375,-1248.51171875,-2499.52294921875,Shutdown,Shutdown,0.0006201443029567599,0.0025799451395869255,22.010000228881836,-1248.51171875,-2499.52294921875,0.2679874897003174,0.44413629174232483,0.007653492968529463,0.0033618926536291838,0.0,Shutdown,-0.0016164747066795826,1.8197529315948486,Shutdown,-0.00137325597461313,416.8492431640625,-0.20149892568588257,22.225772857666016,-0.4893708825111389,-0.48064497113227844,0.06389901787042618,14.813241004943848,0.11724133789539337,14.900541305541992,0.20454147458076477
2025-04-30 18:41:00+00:00,0.13595591485500336,0.013876472599804401,-0.14823195338249207,613.9420166015625,683.1798095703125,-1248.51171875,-2499.52294921875,Shutdown,Shutdown,0.0006198580376803875,0.0025768245104700327,22.016122817993164,-1248.630859375,-2499.761474609375,0.2679874897003174,0.44414663314819336,0.007653492968529463,0.0033618926536291838,0.0,Shutdown,-0.0016164747066795826,1.8163197040557861,Shutdown,-0.00137325597461313,415.3822021484375,-0.21654146909713745,22.226289749145508,-0.5385358333587646,-0.5131052136421204,0.06389901787042618,14.813240051269531,0.11723969131708145,14.897217750549316,0.2012178748846054
2025-04-30 18:41:30+00:00,0.13595591485500336,0.013813361525535583,-0.14563104510307312,614.728759765625,683.1082763671875,-1248.51171875,-2499.52294921875,Shutdown,Shutdown,0.0006195717141963542,0.0025737041141837835,22.022245407104492,-1248.630859375,-2499.761474609375,0.2679874897003174,0.4441569745540619,0.007653492968529463,0.0033618926536291838,0.0,Shutdown,-0.0016164747066795826,1.8383498191833496,Shutdown,-0.00137325597461313,417.199462890625,-0.22012291848659515,22.226804733276367,-0.5287665128707886,-0.5263421535491943,0.06389901787042618,14.813238143920898,0.11723804473876953,14.892698287963867,0.19669875502586365
2025-04-30 18:42:00+00:00,0.13595591485500336,0.013750250451266766,-0.14303013682365417,614.1565551757812,682.8936767578125,-1248.51171875,-2499.52294921875,Shutdown,Shutdown,0.0006192854489199817,0.0025705834850668907,22.02836799621582,-1248.630859375,-2499.761474609375,0.2679874897003174,0.44416728615760803,0.007653492968529463,0.0033618926536291838,0.0,Shutdown,-0.0016164747066795826,1.8183224201202393,Shutdown,-0.00137325597461313,417.58209228515625,-0.21031805872917175,22.227319717407227,-0.5053603053092957,-0.4950803518295288,0.06389901787042618,14.813236236572266,0.11723639816045761,14.896599769592285,0.20060014724731445
2025-04-30 18:42:30+00:00,0.13595591485500336,0.013687140308320522,-0.1418290138244629,614.2280883789062,682.8221435546875,-1248.51171875,-2499.52294921875,Shutdown,Shutdown,0.0006189991254359484,0.0025674630887806416,22.020986557006836,-1248.630859375,-2499.761474609375,0.2679874897003174,0.44417762756347656,0.007653492968529463,0.0033618926536291838,0.0,Shutdown,-0.0016164747066795826,1.8311972618103027,Shutdown,-0.00137325597461313,416.074462890625,-0.21616458892822266,22.22783660888672,-0.560524582862854,-0.47667980194091797,0.06389901787042618,14.813234329223633,0.11723475158214569,14.900501251220703,0.20450155436992645
2025-04-30 18:43:00+00:00,0.13595591485500336,0.013624029234051704,-0.14202769100666046,614.5142211914062,683.1082763671875,-1248.51171875,-2499.52294921875,Shutdown,Shutdown,0.0006187128601595759,0.0025643424596637487,22.025211334228516,-1248.630859375,-2499.761474609375,0.2679874897003174,0.4441879689693451,0.007653492968529463,0.0033618926536291838,0.0,Shutdown,-0.0016164747066795826,1.8286221027374268,Shutdown,-0.00137325597461313,415.7004699707031,-0.22531327605247498,22.228351593017578,-0.5141237378120422,-0.5692182183265686,0.06389901787042618,14.813233375549316,0.11723310500383377,14.903655052185059,0.2076551765203476
2025-04-30 18:43:30+00:00,0.13595591485500336,0.013560918159782887,-0.14222636818885803,614.5857543945312,682.6790771484375,-1248.51171875,-2499.52294921875,Shutdown,Shutdown,0.0006184265948832035,0.0025612220633774996,22.029438018798828,-1248.630859375,-2499.761474609375,0.2679874897003174,0.44419828057289124,0.007653492968529463,0.0033618926536291838,0.0,Shutdown,-0.0016164747066795826,1.818894624710083,Shutdown,-0.00137325597461313,418.73712158203125,-0.22126945853233337,22.22886848449707,-0.5293265581130981,-0.5348149538040161,0.06389901787042618,14.813231468200684,0.11723145842552185,14.900078773498535,0.20407889783382416
2025-04-30 18:44:00+00:00,0.13595591485500336,0.013497807085514069,-0.1424250453710556,613.5843505859375,683.4658813476562,-1248.51171875,-2499.52294921875,Shutdown,Shutdown,0.0006181402713991702,0.0025581016670912504,22.033662796020508,-1248.630859375,-2499.761474609375,0.2679874897003174,0.44420862197875977,0.007653492968529463,0.0033618926536291838,0.0,Shutdown,-0.0016164747066795826,1.8137445449829102,Shutdown,-0.00137325597461313,416.03564453125,-0.22455191612243652,22.22938346862793,-0.5341830253601074,-0.5160472393035889,0.06389901787042618,14.81322956085205,0.11722981184720993,14.896502494812012,0.20050261914730072
2025-04-30 18:44:30+00:00,0.13595591485500336,0.013434696942567825,-0.14262372255325317,614.5857543945312,683.1798095703125,-1248.51171875,-2499.52294921875,Shutdown,Shutdown,0.0006178540061227977,0.0025549810379743576,22.037887573242188,-1248.51171875,-2499.52294921875,0.2679874897003174,0.4442189633846283,0.007653492968529463,0.0033618926536291838,0.0,Shutdown,-0.0016164747066795826,1.8168919086456299,Shutdown,-0.00137325597461313,417.764892578125,-0.20955628156661987,22.22989845275879,-0.4823530912399292,-0.519216001033783,0.06389901787042618,14.813228607177734,0.11722817271947861,14.894356727600098,0.19835685193538666
2025-04-30 18:45:00+00:00,0.13595591485500336,0.013371585868299007,-0.14282239973545074,614.2996215820312,683.3228149414062,-1248.51171875,-2499.52294921875,Shutdown,Shutdown,0.0006175676826387644,0.0025518606416881084,22.03080940246582,-1248.630859375,-2499.761474609375,0.2679874897003174,0.44422927498817444,0.007653492968529463,0.0033618926536291838,0.0,Shutdown,-0.0016164747066795826,1.834916591644287,Shutdown,-0.00137325597461313,416.9556579589844,-0.22462047636508942,22.23041534423828,-0.5723180174827576,-0.5031296610832214,0.06389901787042618,14.813226699829102,0.11722652614116669,14.905085563659668,0.20908568799495697
2025-04-30 18:45:30+00:00,0.13595591485500336,0.01330847479403019,-0.14302106201648712,614.0850219726562,683.2512817382812,-1248.51171875,-2499.52294921875,Shutdown,Shutdown,0.000617281417362392,0.0025487400125712156,22.036869049072266,-1248.630859375,-2499.761474609375,0.2679874897003174,0.44423961639404297,0.007653492968529463,0.0033618926536291838,0.0,Shutdown,-0.0016164747066795826,1.8251888751983643,Shutdown,-0.00137325597461313,417.224609375,-0.21804125607013702,22.23093032836914,-0.5355975031852722,-0.5087312459945679,0.06389901787042618,14.813224792480469,0.11722487956285477,14.906903266906738,0.21090362966060638
2025-04-30 18:46:00+00:00,0.13595591485500336,0.013245364651083946,-0.1432197391986847,614.4426879882812,682.8221435546875,-1248.51171875,-2499.52294921875,Shutdown,Shutdown,0.0006169951520860195,0.0025456196162849665,22.04292869567871,-1248.630859375,-2499.761474609375,0.2679874897003174,0.4442499577999115,0.007653492968529463,0.0033618926536291838,0.0,Shutdown,-0.0016164747066795826,1.8177502155303955,Shutdown,-0.00137325597461313,419.4852294921875,-0.21470285952091217,22.2314453125,-0.5106638073921204,-0.53749680519104,0.06389901787042618,14.813222885131836,0.11722323298454285,14.906009674072266,0.21000955998897552
2025-04-30 18:46:30+00:00,0.13595591485500336,0.013182253576815128,-0.14341841638088226,614.5857543945312,683.1798095703125,-1248.51171875,-2499.52294921875,Shutdown,Shutdown,0.0006167088286019862,0.0025424989871680737,22.048988342285156,-1248.630859375,-2499.761474609375,0.2679874897003174,0.44426026940345764,0.007653492968529463,0.0033618926536291838,0.0,Shutdown,-0.0016164747066795826,1.8346304893493652,Shutdown,-0.00137325597461313,420.2630615234375,-0.20239226520061493,22.231962203979492,-0.45865684747695923,-0.5059894919395447,0.06389901787042618,14.81322193145752,0.11722158640623093,14.905115127563477,0.20911549031734467
2025-04-30 18:47:00+00:00,0.13595591485500336,0.01311914250254631,-0.14361709356307983,613.3698120117188,683.0367431640625,-1248.51171875,-2499.52294921875,Shutdown,Shutdown,0.0006164225633256137,0.0025393785908818245,22.049999237060547,-1248.630859375,-2499.761474609375,0.2679874897003174,0.44427061080932617,0.007653492968529463,0.0033618926536291838,0.0,Shutdown,-0.0016164747066795826,1.8134584426879883,Shutdown,-0.00137325597461313,416.73846435546875,-0.21944116055965424,22.23247718811035,-0.49746179580688477,-0.5335994362831116,0.06389901787042618,14.813220024108887,0.117219939827919,14.904221534729004,0.2082214206457138
2025-04-30 18:47:30+00:00,0.13595591485500336,0.013056032359600067,-0.1438157707452774,613.2267456054688,683.1798095703125,-1248.51171875,-2499.52294921875,Shutdown,Shutdown,0.0006161362980492413,0.0025362581945955753,22.049999237060547,-1248.630859375,-2499.761474609375,0.2679874897003174,0.4442809522151947,0.007653492968529463,0.0033618926536291838,0.0,Shutdown,-0.0016164747066795826,1.8331999778747559,Shutdown,-0.00137325597461313,418.3020935058594,-0.2240021973848343,22.23299217224121,-0.5292253494262695,-0.5439540147781372,0.06389901787042618,14.813218116760254,0.11721829324960709,14.904012680053711,0.20801280438899994
2025-04-30 18:48:00+00:00,0.13595591485500336,0.01299292128533125,-0.14401444792747498,614.2996215820312,682.8221435546875,-1248.51171875,-2499.52294921875,Shutdown,Shutdown,0.000615849974565208,0.0025331375654786825,22.049999237060547,-1248.51171875,-2499.52294921875,0.2679874897003174,0.44429126381874084,0.007653492968529463,0.0033618926536291838,0.0,Shutdown,-0.0016164747066795826,1.8220417499542236,Shutdown,-0.00137325597461313,418.6107177734375,-0.1927100569009781,22.233509063720703,-0.4827418923377991,-0.4565463066101074,0.06389901787042618,14.813216209411621,0.11721664667129517,14.904012680053711,0.20801280438899994
2025-04-30 18:48:30+00:00,0.13595591485500336,0.012929810211062431,-0.14411377906799316,614.0850219726562,683.5374145507812,-1248.51171875,-2499.52294921875,Shutdown,Shutdown,0.0006155637092888355,0.0025300171691924334,22.049999237060547,-1248.51171875,-2499.52294921875,0.2679874897003174,0.4443016052246094,0.007653492968529463,0.0033618926536291838,0.0,Shutdown,-0.0016164747066795826,1.8337721824645996,Shutdown,-0.00137325597461313,417.12945556640625,-0.2313658744096756,22.234024047851562,-0.5726233124732971,-0.5194225311279297,0.06389901787042618,14.813215255737305,0.11721500754356384,14.904012680053711,0.20801280438899994
2025-04-30 18:49:00+00:00,0.13595591485500336,0.012866699136793613,-0.14411377906799316,613.2982788085938,684.395751953125,-1248.51171875,-2499.52294921875,Shutdown,Shutdown,0.0006152773858048022,0.0025268965400755405,22.052024841308594,-1248.630859375,-2499.761474609375,0.2679874897003174,0.4443119466304779,0.007653492968529463,0.0033618926536291838,0.0,Shutdown,-0.0016164747066795826,1.8206112384796143,Shutdown,-0.00137325597461313,417.850341796875,-0.21684880554676056,22.234539031982422,-0.4998951256275177,-0.5014842748641968,0.06389901787042618,14.813213348388672,0.11721336096525192,14.904012680053711,0.20801280438899994
2025-04-30 18:49:30+00:00,0.13595591485500336,0.01280358899384737,-0.14411377906799316,614.4426879882812,683.6804809570312,-1248.51171875,-2499.52294921875,Shutdown,Shutdown,0.0006149911205284297,0.0025237761437892914,22.054363250732422,-1248.630859375,-2499.761474609375,0.2679874897003174,0.44432228803634644,0.007653492968529463,0.0033618926536291838,0.0,Shutdown,-0.0016164747066795826,1.8206112384796143,Shutdown,-0.00137325597461313,414.4407653808594,-0.2278645932674408,22.235055923461914,-0.555253803730011,-0.5517522692680359,0.06389901787042618,14.813211441040039,0.11721171438694,14.904012680053711,0.20801280438899994
2025-04-30 18:50:00+00:00,0.13595591485500336,0.012740477919578552,-0.14411377906799316,614.3711547851562,683.7520141601562,-1248.51171875,-2499.52294921875,Shutdown,Shutdown,0.0006147048552520573,0.0025206555146723986,22.056699752807617,-1248.630859375,-2499.761474609375,0.2679874897003174,0.4443325996398926,0.007653492968529463,0.0033618926536291838,0.0,Shutdown,-0.0016164747066795826,1.844071865081787,Shutdown,-0.00137325597461313,413.6522216796875,-0.23786561191082,22.235570907592773,-0.5970050096511841,-0.5537158846855164,0.06389901787042618,14.813210487365723,0.11721006780862808,14.904012680053711,0.20801280438899994
2025-04-30 18:50:30+00:00,0.13595591485500336,0.012677366845309734,-0.14411377906799316,614.5142211914062,683.2512817382812,-1248.51171875,-2499.52294921875,Shutdown,Shutdown,0.000614418531768024,0.0025175351183861494,22.059038162231445,-1248.630859375,-2499.761474609375,0.2679874897003174,0.4443429410457611,0.007653492968529463,0.0033618926536291838,0.0,Shutdown,-0.0016164747066795826,1.837491512298584,Shutdown,-0.00137325597461313,413.4559326171875,-0.23977185785770416,22.236087799072266,-0.5925612449645996,-0.5660621523857117,0.06389901787042618,14.81320858001709,0.11720842123031616,14.904012680053711,0.20801280438899994
2025-04-30 18:51:00+00:00,0.13595591485500336,0.012614256702363491,-0.14411377906799316,614.1565551757812,683.2512817382812,-1248.51171875,-2499.52294921875,Shutdown,Shutdown,0.0006141322664916515,0.0025144147220999002,22.061376571655273,-1248.630859375,-2499.761474609375,0.2679874897003174,0.44435328245162964,0.007653492968529463,0.0033618926536291838,0.0,Shutdown,-0.0016164747066795826,1.8271915912628174,Shutdown,-0.00137325597461313,413.2251281738281,-0.23031583428382874,22.236602783203125,-0.5624626874923706,-0.551841139793396,0.06389901787042618,14.813206672668457,0.11720677465200424,14.904012680053711,0.20801280438899994
2025-04-30 18:51:30+00:00,0.13595591485500336,0.012551145628094673,-0.14411377906799316,614.4426879882812,683.8235473632812,-1248.51171875,-2499.52294921875,Shutdown,Shutdown,0.0006138459430076182,0.0025112940929830074,22.06371307373047,-1248.630859375,-2499.761474609375,0.2679874897003174,0.4443635940551758,0.007653492968529463,0.0033618926536291838,0.0,Shutdown,-0.0016164747066795826,1.8383498191833496,Shutdown,-0.00137325597461313,413.027587890625,-0.24600738286972046,22.237117767333984,-0.5852292776107788,-0.5950689911842346,0.06389901787042618,14.813204765319824,0.11720512807369232,14.904012680053711,0.20801280438899994
2025-04-30 18:52:00+00:00,0.13595591485500336,0.012488034553825855,-0.14411377906799316,614.4426879882812,683.8950805664062,-1248.51171875,-2499.52294921875,Shutdown,Shutdown,0.0006135596777312458,0.0025081736966967583,22.066051483154297,-1248.630859375,-2499.761474609375,0.2679874897003174,0.4443739354610443,0.007653492968529463,0.0033618926536291838,0.0,Shutdown,-0.0016164747066795826,1.8309111595153809,Shutdown,-0.00137325597461313,416.01214599609375,-0.24527351558208466,22.237634658813477,-0.600848913192749,-0.569618284702301,0.06389901787042618,14.813203811645508,0.1172034814953804,14.904012680053711,0.20801280438899994
2025-04-30 18:52:30+00:00,0.13595591485500336,0.012424923479557037,-0.14411377906799316,614.5142211914062,683.3228149414062,-1248.51171875,-2499.52294921875,Shutdown,Shutdown,0.0006132734124548733,0.0025050530675798655,22.068389892578125,-1248.630859375,-2499.761474609375,0.2679874897003174,0.44438427686691284,0.007653492968529463,0.0033618926536291838,0.0,Shutdown,-0.0016164747066795826,1.8240444660186768,Shutdown,-0.00137325597461313,413.66796875,-0.23170873522758484,22.238149642944336,-0.5662398934364319,-0.5705328583717346,0.06389901787042618,14.813201904296875,0.11720184236764908,14.893513679504395,0.1975138783454895
2025-04-30 18:53:00+00:00,0.13595591485500336,0.012361813336610794,-0.14411377906799316,614.5142211914062,683.2512817382812,-1248.51171875,-2499.52294921875,Shutdown,Shutdown,0.00061298708897084,0.0025019326712936163,22.07072639465332,-1248.630859375,-2499.761474609375,0.2679874897003174,0.444394588470459,0.007653492968529463,0.0033618926536291838,0.0,Shutdown,-0.0016164747066795826,1.8323416709899902,Shutdown,-0.00137325597461313,413.78955078125,-0.23992212116718292,22.238664627075195,-0.5595611929893494,-0.6277509331703186,0.06389901787042618,14.813199996948242,0.11720019578933716,14.89581298828125,0.1998129040002823
2025-04-30 18:53:30+00:00,0.13595591485500336,0.012298702262341976,-0.14411377906799316,614.1565551757812,682.8936767578125,-1248.51171875,-2499.52294921875,Shutdown,Shutdown,0.0006127008236944675,0.0024988120421767235,22.07306480407715,-1248.630859375,-2499.761474609375,0.2679874897003174,0.4444049298763275,0.007653492968529463,0.0033618926536291838,0.0,Shutdown,-0.0016164747066795826,1.8406386375427246,Shutdown,-0.00137325597461313,413.84906005859375,-0.24334251880645752,22.239181518554688,-0.5746484398841858,-0.6044936180114746,0.06389901787042618,14.81319808959961,0.11719854921102524,14.898111343383789,0.20211194455623627
2025-04-30 18:54:00+00:00,0.13595591485500336,0.012235591188073158,-0.14411377906799316,614.871826171875,682.8221435546875,-1248.51171875,-2499.52294921875,Shutdown,Shutdown,0.0006124145002104342,0.0024956916458904743,22.075403213500977,-1248.630859375,-2499.761474609375,0.2679874897003174,0.44441527128219604,0.007653492968529463,0.0033618926536291838,0.0,Shutdown,-0.0016164747066795826,1.8254749774932861,Shutdown,-0.00137325597461313,413.38037109375,-0.23610937595367432,22.239696502685547,-0.575727641582489,-0.5631325840950012,0.06389901787042618,14.813197135925293,0.11719690263271332,14.900410652160645,0.20441098511219025
2025-04-30 18:54:30+00:00,0.13595591485500336,0.012172481045126915,-0.14411377906799316,613.7989501953125,683.8235473632812,-1248.51171875,-2499.52294921875,Shutdown,Shutdown,0.0006121282349340618,0.002492571249604225,22.077739715576172,-1248.630859375,-2499.761474609375,0.2679874897003174,0.4444255828857422,0.007653492968529463,0.0033618926536291838,0.0,Shutdown,-0.0016164747066795826,1.8249027729034424,Shutdown,-0.00137325597461313,414.88128662109375,-0.2423725575208664,22.240211486816406,-0.5825695991516113,-0.568767249584198,0.06389901787042618,14.81319522857666,0.1171952560544014,14.9027099609375,0.20671001076698303
2025-04-30 18:55:00+00:00,0.13597369194030762,0.012109369970858097,-0.15305447578430176,613.9420166015625,683.7520141601562,-1248.51171875,-2499.52294921875,Shutdown,Shutdown,0.0006118419696576893,0.0024894506204873323,22.0800724029541,-1248.630859375,-2499.761474609375,0.2679874897003174,0.4444359242916107,0.007653492968529463,0.0033618926536291838,0.0,Shutdown,-0.0016164747066795826,1.8263332843780518,Shutdown,-0.00137325597461313,414.83514404296875,-0.2415759563446045,22.2407283782959,-0.5644150376319885,-0.5731924772262573,0.06389901787042618,14.813193321228027,0.11719360947608948,14.904529571533203,0.20852938294410706
2025-04-30 18:55:30+00:00,0.13600505888462067,0.012060984969139099,-0.1552896499633789,614.3711547851562,683.2512817382812,-1248.51171875,-2499.52294921875,Shutdown,Shutdown,0.000611555646173656,0.002486330224201083,22.08222198486328,-1248.630859375,-2499.761474609375,0.2679874897003174,0.44444626569747925,0.007653492968529463,0.0033618926536291838,0.0,Shutdown,-0.0016164747066795826,1.8263332843780518,Shutdown,-0.00137325597461313,411.1199035644531,-0.24190214276313782,22.241243362426758,-0.5944693684577942,-0.5698019862174988,0.06389901787042618,14.813192367553711,0.11719196289777756,14.905721664428711,0.20972147583961487
2025-04-30 18:56:00+00:00,0.1360364407300949,0.012060984969139099,-0.1552896499633789,613.8704833984375,683.4658813476562,-1248.51171875,-2499.52294921875,Shutdown,Shutdown,0.0006112693808972836,0.0024832095950841904,22.084373474121094,-1248.630859375,-2499.761474609375,0.2679874897003174,0.4444565773010254,0.007653492968529463,0.0033618926536291838,0.0,Shutdown,-0.0016164747066795826,1.8237583637237549,Shutdown,-0.00137325597461313,414.2856140136719,-0.23986992239952087,22.241758346557617,-0.6086976528167725,-0.5490630269050598,0.06389901787042618,14.813190460205078,0.11719031631946564,14.906913757324219,0.21091356873512268
2025-04-30 18:56:30+00:00,0.13606780767440796,0.012060984969139099,-0.14415352046489716,613.2267456054688,683.8950805664062,-1248.630859375,-2499.761474609375,Shutdown,Shutdown,0.0006109830574132502,0.002480089198797941,22.086523056030273,-1248.630859375,-2499.761474609375,0.2679874897003174,0.4444669187068939,0.007653492968529463,0.0033618926536291838,0.0,Shutdown,-0.0016164747066795826,1.839494228363037,Shutdown,-0.00137325597461313,411.2137451171875,-0.22817730903625488,22.24227523803711,-0.5459044575691223,-0.5392390489578247,0.06389901787042618,14.813188552856445,0.11718867719173431,14.906426429748535,0.21042679250240326
2025-04-30 18:57:00+00:00,0.136099174618721,0.012060984969139099,-0.14439193904399872,614.2280883789062,683.5374145507812,-1248.51171875,-2499.52294921875,Shutdown,Shutdown,0.0006106967921368778,0.0024769685696810484,22.088674545288086,-1248.630859375,-2499.761474609375,0.2679874897003174,0.44447726011276245,0.007653492968529463,0.0033618926536291838,0.0,Shutdown,-0.0016164747066795826,1.837491512298584,Shutdown,-0.00137325597461313,408.2787170410156,-0.2600169777870178,22.24279022216797,-0.6351721286773682,-0.6466977000236511,0.06389901787042618,14.813186645507812,0.1171870306134224,14.904012680053711,0.20801280438899994
2025-04-30 18:57:30+00:00,0.13613054156303406,0.012060984969139099,-0.14463035762310028,614.0850219726562,683.6089477539062,-1248.630859375,-2499.761474609375,Shutdown,Shutdown,0.0006104105268605053,0.0024738481733947992,22.090824127197266,-1248.51171875,-2499.52294921875,0.2679874897003174,0.4444875717163086,0.007653492968529463,0.0033618926536291838,0.0,Shutdown,-0.0016164747066795826,1.8337721824645996,Shutdown,-0.00137325597461313,413.0836486816406,-0.24808788299560547,22.24330711364746,-0.5756077766418457,-0.6252750158309937,0.06389901787042618,14.813185691833496,0.11718538403511047,14.904012680053711,0.20801280438899994
2025-04-30 18:58:00+00:00,0.1361619234085083,0.012060984969139099,-0.14486877620220184,614.1565551757812,683.4658813476562,-1248.51171875,-2499.52294921875,Shutdown,Shutdown,0.000610124203376472,0.00247072777710855,22.092975616455078,-1248.630859375,-2499.761474609375,0.2679874897003174,0.4444979131221771,0.007653492968529463,0.0033618926536291838,0.0,Shutdown,-0.0016164747066795826,1.8334860801696777,Shutdown,-0.00137325597461313,408.82769775390625,-0.2551329433917999,22.24382209777832,-0.6386739611625671,-0.6030027270317078,0.06389901787042618,14.813183784484863,0.11718373745679855,14.904012680053711,0.20801280438899994
2025-04-30 18:58:30+00:00,0.13619329035282135,0.012060984969139099,-0.1451071947813034,613.7989501953125,683.2512817382812,-1248.51171875,-2499.52294921875,Shutdown,Shutdown,0.0006098379381000996,0.0024676071479916573,22.095125198364258,-1248.51171875,-2499.52294921875,0.2679874897003174,0.44450825452804565,0.007653492968529463,0.0033618926536291838,0.0,Shutdown,-0.0016164747066795826,1.8091669082641602,Shutdown,-0.00137325597461313,409.98321533203125,-0.255812406539917,22.24433708190918,-0.6164401769638062,-0.6307894587516785,0.06389901787042618,14.81318187713623,0.11718209087848663,14.904012680053711,0.20801280438899994
2025-04-30 18:59:00+00:00,0.1362246572971344,0.012060984969139099,-0.14534561336040497,614.6572265625,683.9666137695312,-1248.51171875,-2499.52294921875,Shutdown,Shutdown,0.0006095516146160662,0.002464486751705408,22.09727668762207,-1248.630859375,-2499.761474609375,0.2679874897003174,0.4445185661315918,0.007653492968529463,0.0033618926536291838,0.0,Shutdown,-0.0016164747066795826,1.8197529315948486,Shutdown,-0.00137325597461313,410.377197265625,-0.2473868727684021,22.244853973388672,-0.6306376457214355,-0.587884247303009,0.06389901787042618,14.813179969787598,0.11718044430017471,14.904012680053711,0.20801280438899994
2025-04-30 18:59:30+00:00,0.13625602424144745,0.012060984969139099,-0.14558403193950653,613.3698120117188,683.3943481445312,-1248.51171875,-2499.52294921875,Shutdown,Shutdown,0.0006092653493396938,0.0024613661225885153,22.09942626953125,-1248.630859375,-2499.761474609375,0.2679874897003174,0.4445289075374603,0.007653492968529463,0.0033618926536291838,0.0,Shutdown,-0.0016164747066795826,1.844357967376709,Shutdown,-0.00137325597461313,409.8231201171875,-0.24661843478679657,22.24536895751953,-0.5466942191123962,-0.6593866348266602,0.06389901787042618,14.813179016113281,0.11717879772186279,14.904012680053711,0.20801280438899994
2025-04-30 19:00:00+00:00,0.1362874060869217,0.012060984969139099,-0.1458224505186081,614.0850219726562,683.5374145507812,-1248.51171875,-2499.52294921875,Shutdown,Shutdown,0.0006089790840633214,0.002458245726302266,22.10335922241211,-1248.630859375,-2499.761474609375,0.2679874897003174,0.44453924894332886,0.007653492968529463,0.0033618926536291838,0.0,Shutdown,-0.0016164747066795826,1.8114557266235352,Shutdown,-0.00137325597461313,410.9911804199219,-0.2525447905063629,22.24588394165039,-0.6229814887046814,-0.5932855010032654,0.06389901787042618,14.813177108764648,0.11717715114355087,14.904012680053711,0.20801280438899994
2025-04-30 19:00:30+00:00,0.13631877303123474,0.012060984969139099,-0.14606086909770966,613.7989501953125,683.8235473632812,-1248.51171875,-2499.52294921875,Shutdown,Shutdown,0.000608692760579288,0.0024551250971853733,22.107938766479492,-1248.630859375,-2499.761474609375,0.2679874897003174,0.444549560546875,0.007653492968529463,0.0033618926536291838,0.0,Shutdown,-0.0016164747066795826,1.8243305683135986,Shutdown,-0.00137325597461313,407.7391662597656,-0.24573858082294464,22.246400833129883,-0.6224661469459534,-0.5951436758041382,0.06389901787042618,14.813175201416016,0.11717551201581955,14.904012680053711,0.20801280438899994
2025-04-30 19:01:00+00:00,0.1363501399755478,0.012060984969139099,-0.14629928767681122,614.4426879882812,682.8936767578125,-1248.51171875,-2499.52294921875,Shutdown,Shutdown,0.0006084064953029156,0.002452004700899124,22.112520217895508,-1248.630859375,-2499.761474609375,0.2679874897003174,0.44455990195274353,0.007653492968529463,0.0033618926536291838,0.0,Shutdown,-0.0016164747066795826,1.8237583637237549,Shutdown,-0.00137325597461313,410.4875183105469,-0.28000032901763916,22.246915817260742,-0.7015032768249512,-0.6640686988830566,0.06389901787042618,14.8131742477417,0.11717386543750763,14.904012680053711,0.20801280438899994
2025-04-30 19:01:30+00:00,0.13638150691986084,0.012060984969139099,-0.14653770625591278,614.5857543945312,683.2512817382812,-1248.51171875,-2499.52294921875,Shutdown,Shutdown,0.0006081201718188822,0.0024488840717822313,22.11709976196289,-1248.630859375,-2499.761474609375,0.2679874897003174,0.44457024335861206,0.007653492968529463,0.0033618926536291838,0.0,Shutdown,-0.0016164747066795826,1.8311972618103027,Shutdown,-0.00137325597461313,412.8420715332031,-0.24863655865192413,22.2474308013916,-0.5931601524353027,-0.5971330404281616,0.06389901787042618,14.813172340393066,0.11717221885919571,14.904012680053711,0.20801280438899994
2025-04-30 19:02:00+00:00,0.13641288876533508,0.012060984969139099,-0.14677612483501434,613.9420166015625,683.2512817382812,-1248.630859375,-2499.761474609375,Shutdown,Shutdown,0.0006078339065425098,0.002445763675495982,22.110000610351562,-1248.630859375,-2499.761474609375,0.2679874897003174,0.4445805847644806,0.007653492968529463,0.0033618926536291838,0.0,Shutdown,-0.0016164747066795826,1.8369193077087402,Shutdown,-0.00137325597461313,409.33245849609375,-0.23961104452610016,22.247947692871094,-0.5905234813690186,-0.5728933811187744,0.06389901787042618,14.813170433044434,0.11717057228088379,14.904012680053711,0.20801280438899994
2025-04-30 19:02:30+00:00,0.13644425570964813,0.012060984969139099,-0.1470145434141159,615.3724975585938,683.1082763671875,-1248.51171875,-2499.52294921875,Shutdown,Shutdown,0.0006075476412661374,0.002442643279209733,22.11283302307129,-1248.630859375,-2499.761474609375,0.2679874897003174,0.44459089636802673,0.007653492968529463,0.0033618926536291838,0.0,Shutdown,-0.0016164747066795826,1.8320555686950684,Shutdown,-0.00137325597461313,409.28656005859375,-0.2549889087677002,22.248462677001953,-0.6168237328529358,-0.6039727330207825,0.06389901787042618,14.8131685256958,0.11716892570257187,14.904012680053711,0.20801280438899994
2025-04-30 19:03:00+00:00,0.13647562265396118,0.012060984969139099,-0.14725296199321747,613.8704833984375,683.1082763671875,-1248.51171875,-2499.52294921875,Shutdown,Shutdown,0.000607261317782104,0.00243952265009284,22.118141174316406,-1248.630859375,-2499.761474609375,0.2679874897003174,0.44460123777389526,0.007653492968529463,0.0033618926536291838,0.0,Shutdown,-0.0016164747066795826,1.8208973407745361,Shutdown,-0.00137325597461313,409.1539306640625,-0.2682812213897705,22.248977661132812,-0.6877304911613464,-0.6232079267501831,0.06389901787042618,14.813167572021484,0.11716727912425995,14.904111862182617,0.2081117182970047
2025-04-30 19:03:30+00:00,0.13650698959827423,0.012060984969139099,-0.14749138057231903,615.014892578125,683.4658813476562,-1248.51171875,-2499.52294921875,Shutdown,Shutdown,0.0006069750525057316,0.002436402253806591,22.123451232910156,-1248.630859375,-2499.761474609375,0.2679874897003174,0.4446115791797638,0.007653492968529463,0.0033618926536291838,0.0,Shutdown,-0.0016164747066795826,1.841783046722412,Shutdown,-0.00137325597461313,405.8470153808594,-0.2820111811161041,22.249494552612305,-0.6961681842803955,-0.7036004662513733,0.06389901787042618,14.813165664672852,0.11716563254594803,14.904339790344238,0.20833998918533325
2025-04-30 19:04:00+00:00,0.13653837144374847,0.012060984969139099,-0.1476900577545166,614.80029296875,683.1798095703125,-1248.51171875,-2499.52294921875,Shutdown,Shutdown,0.0006066887290216982,0.0024332816246896982,22.128759384155273,-1248.630859375,-2499.761474609375,0.2679874897003174,0.44462189078330994,0.007653492968529463,0.0033618926536291838,0.0,Shutdown,-0.0016164747066795826,1.830625057220459,Shutdown,-0.00137325597461313,410.23858642578125,-0.27662408351898193,22.250009536743164,-0.660413384437561,-0.68517005443573,0.06389901787042618,14.813163757324219,0.11716398596763611,14.90456771850586,0.208568274974823
2025-04-30 19:04:30+00:00,0.13656973838806152,0.012060984969139099,-0.1476900577545166,614.943359375,683.3228149414062,-1248.51171875,-2499.52294921875,Shutdown,Shutdown,0.0006064024637453258,0.002430161228403449,22.1299991607666,-1248.630859375,-2499.761474609375,0.2679874897003174,0.44463223218917847,0.007653492968529463,0.0033618926536291838,0.0,Shutdown,-0.0016164747066795826,1.830338954925537,Shutdown,-0.00137325597461313,411.0969543457031,-0.28663328289985657,22.250526428222656,-0.7136440277099609,-0.686855137348175,0.06389901787042618,14.813161849975586,0.11716234683990479,14.904796600341797,0.20879654586315155
2025-04-30 19:05:00+00:00,0.13660110533237457,0.012060984969139099,-0.1476900577545166,614.728759765625,683.8235473632812,-1248.51171875,-2499.52294921875,Shutdown,Shutdown,0.0006061161984689534,0.0024270405992865562,22.1299991607666,-1248.51171875,-2499.52294921875,0.2679874897003174,0.444642573595047,0.007653492968529463,0.0033618926536291838,0.0,Shutdown,-0.0016164747066795826,1.8357748985290527,Shutdown,-0.00137325597461313,408.7312316894531,-0.2935756742954254,22.251041412353516,-0.712812066078186,-0.7183232307434082,0.06389901787042618,14.81316089630127,0.11716070026159286,14.905024528503418,0.2090248167514801
2025-04-30 19:05:30+00:00,0.13663248717784882,0.012060984969139099,-0.1476900577545166,613.8704833984375,683.4658813476562,-1248.51171875,-2499.52294921875,Shutdown,Shutdown,0.00060582987498492,0.002423920203000307,22.1299991607666,-1248.630859375,-2499.761474609375,0.2679874897003174,0.44465288519859314,0.007653492968529463,0.0033618926536291838,0.0,Shutdown,-0.0016164747066795826,1.8380637168884277,Shutdown,-0.00137325597461313,407.6796569824219,-0.2760176658630371,22.251556396484375,-0.6687269806861877,-0.6624355316162109,0.06389901787042618,14.813158988952637,0.11715905368328094,14.905253410339355,0.20925308763980865
2025-04-30 19:06:00+00:00,0.13666385412216187,0.012060984969139099,-0.1476900577545166,613.9420166015625,683.5374145507812,-1248.51171875,-2499.52294921875,Shutdown,Shutdown,0.0006055436097085476,0.002420799806714058,22.1299991607666,-1248.630859375,-2499.761474609375,0.2679874897003174,0.44466322660446167,0.007653492968529463,0.0033618926536291838,0.0,Shutdown,-0.0016164747066795826,1.837491512298584,Shutdown,-0.00137325597461313,407.31304931640625,-0.28640642762184143,22.252073287963867,-0.7098097801208496,-0.6842262744903564,0.06389901787042618,14.813157081604004,0.11715740710496902,14.905481338500977,0.2094813585281372
2025-04-30 19:06:30+00:00,0.13669522106647491,0.012060984969139099,-0.1476900577545166,614.5142211914062,682.9652099609375,-1248.51171875,-2499.52294921875,Shutdown,Shutdown,0.0006052573444321752,0.002417679177597165,22.132413864135742,-1248.630859375,-2499.761474609375,0.2679874897003174,0.4446735680103302,0.007653492968529463,0.0033618926536291838,0.0,Shutdown,-0.0016164747066795826,1.8309111595153809,Shutdown,-0.00137325597461313,410.7153015136719,-0.27853626012802124,22.252588272094727,-0.658731997013092,-0.7010398507118225,0.06389901787042618,14.813156127929688,0.1171557605266571,14.905709266662598,0.20970962941646576
2025-04-30 19:07:00+00:00,0.13672658801078796,0.012060984969139099,-0.1476900577545166,614.1565551757812,683.3943481445312,-1248.51171875,-2499.52294921875,Shutdown,Shutdown,0.0006049710209481418,0.002414558781310916,22.137929916381836,-1248.51171875,-2499.52294921875,0.2679874897003174,0.44468387961387634,0.007653492968529463,0.0033618926536291838,0.0,Shutdown,-0.0016164747066795826,1.8191807270050049,Shutdown,-0.00137325597461313,408.97979736328125,-0.2689557671546936,22.253103256225586,-0.6545765399932861,-0.6767780780792236,0.06389901787042618,14.813154220581055,0.11715411394834518,14.905938148498535,0.2099379003047943
2025-04-30 19:07:30+00:00,0.1367579698562622,0.012060984969139099,-0.1476900577545166,613.8704833984375,683.3943481445312,-1248.51171875,-2499.52294921875,Shutdown,Shutdown,0.0006046847556717694,0.002411438152194023,22.132726669311523,-1248.630859375,-2499.761474609375,0.2679874897003174,0.4446942210197449,0.007653492968529463,0.0033618926536291838,0.0,Shutdown,-0.0016164747066795826,1.8297667503356934,Shutdown,-0.00137325597461313,407.3062744140625,-0.2928621768951416,22.253620147705078,-0.7028512358665466,-0.7078576683998108,0.06389901787042618,14.813152313232422,0.11715246737003326,14.906166076660156,0.21016618609428406
2025-04-30 19:08:00+00:00,0.13678933680057526,0.012060984969139099,-0.1476900577545166,614.2996215820312,682.8936767578125,-1248.51171875,-2499.52294921875,Shutdown,Shutdown,0.000604398432187736,0.002408317755907774,22.13337516784668,-1248.630859375,-2499.761474609375,0.2679874897003174,0.4447045624256134,0.007653492968529463,0.0033618926536291838,0.0,Shutdown,-0.0016164747066795826,1.8297667503356934,Shutdown,-0.00137325597461313,409.16119384765625,-0.27833443880081177,22.254135131835938,-0.6885519623756409,-0.6692061424255371,0.06389901787042618,14.813150405883789,0.11715082079172134,14.906394004821777,0.2103944569826126
2025-04-30 19:08:30+00:00,0.1368207037448883,0.012060984969139099,-0.1476900577545166,614.4426879882812,683.3943481445312,-1248.51171875,-2499.52294921875,Shutdown,Shutdown,0.0006041121669113636,0.002405197126790881,22.13712501525879,-1248.51171875,-2499.52294921875,0.2679874897003174,0.44471487402915955,0.007653492968529463,0.0033618926536291838,0.0,Shutdown,-0.0016164747066795826,1.8297667503356934,Shutdown,-0.00137325597461313,408.4680480957031,-0.270666241645813,22.254650115966797,-0.6710533499717712,-0.6736584901809692,0.06389901787042618,14.813149452209473,0.11714918166399002,14.906622886657715,0.21062272787094116
2025-04-30 19:09:00+00:00,0.13685207068920135,0.012060984969139099,-0.1476900577545166,613.7989501953125,683.3228149414062,-1248.51171875,-2499.52294921875,Shutdown,Shutdown,0.0006038259016349912,0.002402076730504632,22.1408748626709,-1248.630859375,-2499.761474609375,0.2679874897003174,0.4447252154350281,0.007653492968529463,0.0033618926536291838,0.0,Shutdown,-0.0016164747066795826,1.8423552513122559,Shutdown,-0.00137325597461313,410.2972412109375,-0.2696727514266968,22.25516700744629,-0.6245747804641724,-0.6968720555305481,0.06389901787042618,14.81314754486084,0.1171475350856781,14.906850814819336,0.21085099875926971
2025-04-30 19:09:30+00:00,0.1368834525346756,0.012060984969139099,-0.1476900577545166,613.5843505859375,682.1784057617188,-1248.51171875,-2499.52294921875,Shutdown,Shutdown,0.0006035395781509578,0.002398956334218383,22.144624710083008,-1248.51171875,-2499.52294921875,0.2679874897003174,0.4447355568408966,0.007653492968529463,0.0033618926536291838,0.0,Shutdown,-0.0016164747066795826,1.8269054889678955,Shutdown,-0.00137325597461313,405.8396301269531,-0.3056878447532654,22.25568199157715,-0.7546952366828918,-0.7488221526145935,0.06389901787042618,14.813145637512207,0.11714588850736618,14.907078742980957,0.21107926964759827
2025-04-30 19:10:00+00:00,0.13691481947898865,0.012060984969139099,-0.1476900577545166,614.5142211914062,683.3228149414062,-1248.51171875,-2499.52294921875,Shutdown,Shutdown,0.0006032533128745854,0.00239583570510149,22.148374557495117,-1248.630859375,-2499.761474609375,0.2679874897003174,0.44474586844444275,0.007653492968529463,0.0033618926536291838,0.0,Shutdown,-0.0016164747066795826,1.8200390338897705,Shutdown,-0.00137325597461313,409.6700744628906,-0.29195350408554077,22.256196975708008,-0.7269389629364014,-0.6949347853660583,0.06389901787042618,14.81314468383789,0.11714424192905426,14.907307624816895,0.21130754053592682
2025-04-30 19:10:30+00:00,0.1369461864233017,0.012060984969139099,-0.1476900577545166,614.6572265625,683.1798095703125,-1248.51171875,-2499.52294921875,Shutdown,Shutdown,0.000602966989390552,0.002392715308815241,22.14454460144043,-1248.630859375,-2499.761474609375,0.2679874897003174,0.4447562098503113,0.007653492968529463,0.0033618926536291838,0.0,Shutdown,-0.0016164747066795826,1.8243305683135986,Shutdown,-0.00137325597461313,406.8979187011719,-0.2738577127456665,22.2567138671875,-0.7014373540878296,-0.6612122058868408,0.06389901787042618,14.813142776489258,0.11714259535074234,14.907535552978516,0.21153582632541656
2025-04-30 19:11:00+00:00,0.13697755336761475,0.012060984969139099,-0.16199526190757751,614.1565551757812,683.0367431640625,-1248.51171875,-2499.52294921875,Shutdown,Shutdown,0.0006026807241141796,0.002389594679698348,22.14103126525879,-1248.630859375,-2499.761474609375,0.2679874897003174,0.4447665512561798,0.007653492968529463,0.0033618926536291838,0.0,Shutdown,-0.0016164747066795826,1.8266193866729736,Shutdown,-0.00137325597461313,407.48895263671875,-0.2687181234359741,22.25722885131836,-0.6234713792800903,-0.7005258798599243,0.06389901787042618,14.813140869140625,0.11714094877243042,14.899517059326172,0.2035169154405594
2025-04-30 19:11:30+00:00,0.137008935213089,0.012060984969139099,-0.1559602916240692,614.3711547851562,683.0367431640625,-1248.51171875,-2499.52294921875,Shutdown,Shutdown,0.0006023944588378072,0.002386474283412099,22.14341163635254,-1248.630859375,-2499.761474609375,0.2679874897003174,0.44477686285972595,0.010156925767660141,0.0033618926536291838,0.0,Shutdown,-0.0016164747066795826,1.830338954925537,Shutdown,-0.00137325597461313,407.27423095703125,-0.2854328155517578,22.25774574279785,-0.7259895205497742,-0.6741783022880554,0.06389901787042618,14.813138961791992,0.1171393021941185,14.905647277832031,0.20964767038822174
2025-04-30 19:12:00+00:00,0.13704030215740204,0.012060984969139099,-0.15551325678825378,614.0135498046875,683.9666137695312,-1248.51171875,-2499.52294921875,Shutdown,Shutdown,0.0006021081353537738,0.002383353654295206,22.145793914794922,-1248.630859375,-2499.761474609375,0.2679874897003174,0.4447872042655945,0.010156925767660141,0.00693822605535388,0.0,Shutdown,-0.0016164747066795826,1.837205410003662,Shutdown,-0.00137325597461313,407.2587585449219,-0.29211390018463135,22.25826072692871,-0.7428863048553467,-0.7088218331336975,0.06389901787042618,14.813138008117676,0.11713765561580658,14.911165237426758,0.21516536176204681
2025-04-30 19:12:30+00:00,0.1370716691017151,0.012060984969139099,-0.15506622195243835,614.4426879882812,683.1798095703125,-1248.51171875,-2499.52294921875,Shutdown,Shutdown,0.0006018218700774014,0.002380233258008957,22.148174285888672,-1248.51171875,-2499.52294921875,0.2679874897003174,0.444797545671463,0.010156925767660141,0.00693822605535388,0.0,Shutdown,-0.0016164747066795826,1.835202693939209,Shutdown,-0.00137325597461313,404.5021667480469,-0.30455002188682556,22.25877571105957,-0.7142078876495361,-0.7810003161430359,0.06389901787042618,14.813136100769043,0.11713600903749466,14.911165237426758,0.21516536176204681
2025-04-30 19:13:00+00:00,0.13710303604602814,0.012060984969139099,-0.15461918711662292,613.7274169921875,683.3943481445312,-1248.51171875,-2499.52294921875,Shutdown,Shutdown,0.000601535546593368,0.0023771128617227077,22.150554656982422,-1248.630859375,-2499.761474609375,0.2679874897003174,0.44480785727500916,0.010156925767660141,0.00693822605535388,0.0,Shutdown,-0.0016164747066795826,1.835202693939209,Shutdown,-0.00137325597461313,406.4718322753906,-0.2799545228481293,22.259292602539062,-0.697542667388916,-0.6959791779518127,0.06389901787042618,14.81313419342041,0.11713436990976334,14.911165237426758,0.21516536176204681
2025-04-30 19:13:30+00:00,0.13713441789150238,0.012060984969139099,-0.1541721522808075,613.3698120117188,683.2512817382812,-1248.51171875,-2499.52294921875,Shutdown,Shutdown,0.0006012492813169956,0.002373992232605815,22.152936935424805,-1248.630859375,-2499.761474609375,0.2679874897003174,0.4448181986808777,0.010156925767660141,0.00693822605535388,0.0,Shutdown,-0.0016164747066795826,1.8380637168884277,Shutdown,-0.00137325597461313,410.46942138671875,-0.2512385845184326,22.259807586669922,-0.5667053461074829,-0.6601409316062927,0.06389901787042618,14.813132286071777,0.11713272333145142,14.897217750549316,0.2012178748846054
2025-04-30 19:14:00+00:00,0.13716578483581543,0.012060984969139099,-0.15372511744499207,613.2982788085938,683.3228149414062,-1248.51171875,-2499.52294921875,Shutdown,Shutdown,0.0006009630160406232,0.0023708718363195658,22.155317306518555,-1248.630859375,-2499.761474609375,0.2679874897003174,0.4448285400867462,0.010156925767660141,0.00693822605535388,0.0,Shutdown,-0.0016164747066795826,1.8449302911758423,Shutdown,-0.00137325597461313,408.11676025390625,-0.27409595251083374,22.26032257080078,-0.6758766174316406,-0.6781066656112671,0.06389901787042618,14.813131332397461,0.1171310767531395,14.90079402923584,0.20479415357112885
2025-04-30 19:14:30+00:00,0.13719715178012848,0.012060984969139099,-0.15327808260917664,613.7989501953125,683.1082763671875,-1248.51171875,-2499.52294921875,Shutdown,Shutdown,0.0006006766925565898,0.002367751207202673,22.157697677612305,-1248.630859375,-2499.761474609375,0.2679874897003174,0.44483888149261475,0.010156925767660141,0.00693822605535388,0.0,Shutdown,-0.0016164747066795826,1.8300528526306152,Shutdown,-0.00137325597461313,404.9568176269531,-0.29089516401290894,22.260839462280273,-0.7718939781188965,-0.6631190776824951,0.06389901787042618,14.813129425048828,0.11712943017482758,14.904370307922363,0.20837043225765228
2025-04-30 19:15:00+00:00,0.13722853362560272,0.012060984969139099,-0.1528310477733612,613.7989501953125,683.4658813476562,-1248.51171875,-2499.52294921875,Shutdown,Shutdown,0.0006003904272802174,0.002364630810916424,22.159772872924805,-1248.630859375,-2499.761474609375,0.2679874897003174,0.4448491930961609,0.010156925767660141,0.00693822605535388,0.0,Shutdown,-0.0016164747066795826,1.8406386375427246,Shutdown,-0.00137325597461313,405.5555725097656,-0.29406464099884033,22.261354446411133,-0.6813310980796814,-0.7708590626716614,0.06389901787042618,14.813127517700195,0.11712778359651566,14.907946586608887,0.21194671094417572
2025-04-30 19:15:30+00:00,0.13725990056991577,0.012060984969139099,-0.15037232637405396,614.2996215820312,683.6089477539062,-1248.51171875,-2499.52294921875,Shutdown,Shutdown,0.0006001041037961841,0.002361510181799531,22.1529541015625,-1248.630859375,-2499.761474609375,0.2679874897003174,0.4448595345020294,0.010156925767660141,0.00693822605535388,0.0,Shutdown,-0.0016164747066795826,1.8283360004425049,Shutdown,-0.00137325597461313,405.528076171875,-0.29688912630081177,22.261869430541992,-0.7780644297599792,-0.6836423873901367,0.06389901787042618,14.813126564025879,0.11712613701820374,14.91109848022461,0.2150983065366745
2025-04-30 19:16:00+00:00,0.13729126751422882,0.012060984969139099,-0.14947819709777832,614.0850219726562,683.6804809570312,-1248.51171875,-2499.52294921875,Shutdown,Shutdown,0.0005998178385198116,0.002358389785513282,22.157419204711914,-1248.51171875,-2499.52294921875,0.2679874897003174,0.44486987590789795,0.010156925767660141,0.00693822605535388,0.0,Shutdown,-0.0016164747066795826,1.821183443069458,Shutdown,-0.00137325597461313,405.61944580078125,-0.2899512052536011,22.262386322021484,-0.7717036604881287,-0.6550201177597046,0.06389901787042618,14.813124656677246,0.11712449043989182,14.910428047180176,0.21442775428295135
2025-04-30 19:16:30+00:00,0.13732263445854187,0.012060984969139099,-0.1509869396686554,615.2294311523438,683.4658813476562,-1248.51171875,-2499.52294921875,Shutdown,Shutdown,0.0005995315732434392,0.0023552693892270327,22.15258026123047,-1248.630859375,-2499.761474609375,0.2679874897003174,0.4448801875114441,0.010156925767660141,0.00693822605535388,0.0,Shutdown,-0.0016164747066795826,1.8237583637237549,Shutdown,-0.00137325597461313,409.08551025390625,-0.2704020142555237,22.262901306152344,-0.6383475661277771,-0.6854402422904968,0.06389901787042618,14.813122749328613,0.1171228438615799,14.909756660461426,0.2137572020292282
2025-04-30 19:17:00+00:00,0.1373540163040161,0.012060984969139099,-0.15065166354179382,614.5142211914062,683.3228149414062,-1248.51171875,-2499.52294921875,Shutdown,Shutdown,0.0005992452497594059,0.00235214876011014,22.1561279296875,-1248.630859375,-2499.761474609375,0.2679874897003174,0.4448905289173126,0.010156925767660141,0.00693822605535388,0.0,Shutdown,-0.0016164747066795826,1.835202693939209,Shutdown,-0.00137325597461313,410.0059509277344,-0.26685646176338196,22.263416290283203,-0.6336166858673096,-0.6829213500022888,0.06389901787042618,14.81312084197998,0.11712120473384857,14.909086227416992,0.21308664977550507
2025-04-30 19:17:30+00:00,0.13738538324832916,0.012060984969139099,-0.15031638741493225,613.7989501953125,683.3943481445312,-1248.51171875,-2499.52294921875,Shutdown,Shutdown,0.0005989589844830334,0.0023490283638238907,22.151222229003906,-1248.630859375,-2499.761474609375,0.2679874897003174,0.44490087032318115,0.010156925767660141,0.00693822605535388,0.0,Shutdown,-0.0016164747066795826,1.8475052118301392,Shutdown,-0.00137325597461313,410.02288818359375,-0.2636224627494812,22.263933181762695,-0.6170849800109863,-0.6716464161872864,0.06389901787042618,14.813119888305664,0.11711955815553665,14.908415794372559,0.21241609752178192
2025-04-30 19:18:00+00:00,0.1374167501926422,0.012060984969139099,-0.14998111128807068,614.728759765625,683.1082763671875,-1248.51171875,-2499.52294921875,Shutdown,Shutdown,0.0005986726609990001,0.002345907734706998,22.15455436706543,-1248.630859375,-2499.761474609375,0.2679874897003174,0.4449111819267273,0.010156925767660141,0.00693822605535388,0.0,Shutdown,-0.0016164747066795826,1.850080132484436,Shutdown,-0.00137325597461313,408.8077392578125,-0.27209949493408203,22.264448165893555,-0.6493090987205505,-0.6592001914978027,0.06389901787042618,14.813117980957031,0.11711791157722473,14.907745361328125,0.21174554526805878
2025-04-30 19:18:30+00:00,0.13744811713695526,0.012060984969139099,-0.1496458351612091,613.6558837890625,683.0367431640625,-1248.51171875,-2499.52294921875,Shutdown,Shutdown,0.0005983863957226276,0.0023427873384207487,22.157888412475586,-1248.630859375,-2499.761474609375,0.2679874897003174,0.4449215233325958,0.010156925767660141,0.00693822605535388,0.0,Shutdown,-0.0016164747066795826,1.844071865081787,Shutdown,-0.00137325597461313,408.795654296875,-0.26909664273262024,22.264965057373047,-0.6981073617935181,-0.6384149193763733,0.06389901787042618,14.813116073608398,0.11711626499891281,14.908336639404297,0.21233685314655304
2025-04-30 19:19:00+00:00,0.1374794989824295,0.012060984969139099,-0.14931055903434753,614.2280883789062,682.5360717773438,-1248.51171875,-2499.52294921875,Shutdown,Shutdown,0.0005981001304462552,0.002339666709303856,22.149999618530273,-1248.51171875,-2499.52294921875,0.2679874897003174,0.44493186473846436,0.010156925767660141,0.00693822605535388,0.0,Shutdown,-0.0016164747066795826,1.8283360004425049,Shutdown,-0.00137325597461313,405.73687744140625,-0.2806923985481262,22.265480041503906,-0.6569527387619019,-0.7276427149772644,0.06389901787042618,14.813114166259766,0.11711461842060089,14.90931224822998,0.21331219375133514
2025-04-30 19:19:30+00:00,0.13751086592674255,0.012060984969139099,-0.14897528290748596,614.943359375,682.8936767578125,-1248.51171875,-2499.52294921875,Shutdown,Shutdown,0.0005978138069622219,0.0023365463130176067,22.15167999267578,-1248.630859375,-2499.761474609375,0.2679874897003174,0.4449421763420105,0.010156925767660141,0.00693822605535388,0.0,Shutdown,-0.0016164747066795826,1.8343443870544434,Shutdown,-0.00137325597461313,408.3043518066406,-0.270537793636322,22.265995025634766,-0.6709439754486084,-0.6723002791404724,0.06389901787042618,14.81311321258545,0.11711297184228897,14.910287857055664,0.21428754925727844
2025-04-30 19:20:00+00:00,0.1375422328710556,0.012060984969139099,-0.1486400067806244,615.157958984375,682.7506103515625,-1248.51171875,-2499.52294921875,Shutdown,Shutdown,0.0005975275416858494,0.0023334259167313576,22.15336036682129,-1248.630859375,-2499.761474609375,0.2679874897003174,0.44495251774787903,0.010156925767660141,0.00693822605535388,0.0,Shutdown,-0.0016164747066795826,1.8343443870544434,Shutdown,-0.00137325597461313,407.34423828125,-0.2905445098876953,22.266511917114258,-0.6713643670082092,-0.7592412829399109,0.06389901787042618,14.813111305236816,0.11711132526397705,14.907946586608887,0.21194671094417572
2025-04-30 19:20:30+00:00,0.13757359981536865,0.012060984969139099,-0.14830473065376282,614.0850219726562,683.0367431640625,-1248.51171875,-2499.52294921875,Shutdown,Shutdown,0.0005972412182018161,0.0023303052876144648,22.15504264831543,-1248.630859375,-2499.761474609375,0.2679874897003174,0.44496285915374756,0.010156925767660141,0.00693822605535388,0.0,Shutdown,-0.0016164747066795826,1.8343443870544434,Shutdown,-0.00137325597461313,408.80438232421875,-0.2603631615638733,22.267026901245117,-0.6073746085166931,-0.6687906980514526,0.06389901787042618,14.813109397888184,0.11710967868566513,14.903178215026855,0.20717833936214447
2025-04-30 19:21:00+00:00,0.1376049816608429,0.012060984969139099,-0.14796945452690125,614.871826171875,683.1798095703125,-1248.51171875,-2499.52294921875,Shutdown,Shutdown,0.0005969549529254436,0.0023271848913282156,22.156723022460938,-1248.630859375,-2499.761474609375,0.2679874897003174,0.4449731707572937,0.010156925767660141,0.00693822605535388,0.0,Shutdown,-0.0016164747066795826,1.8208973407745361,Shutdown,-0.00137325597461313,409.4969787597656,-0.26544591784477234,22.267541885375977,-0.6321837306022644,-0.6773942708969116,0.06389901787042618,14.813108444213867,0.11710803955793381,14.906754493713379,0.2107546180486679
2025-04-30 19:21:30+00:00,0.13763634860515594,0.012060984969139099,-0.1476900577545166,614.0135498046875,682.8936767578125,-1248.51171875,-2499.52294921875,Shutdown,Shutdown,0.0005966686876490712,0.002324064262211323,22.158403396606445,-1248.630859375,-2499.761474609375,0.2679874897003174,0.44498351216316223,0.010156925767660141,0.00693822605535388,0.0,Shutdown,-0.0016164747066795826,1.8357748985290527,Shutdown,-0.00137325597461313,405.7577209472656,-0.2815042734146118,22.26805877685547,-0.693980872631073,-0.6731330156326294,0.06389901787042618,14.813106536865234,0.11710639297962189,14.910330772399902,0.21433089673519135
2025-04-30 19:22:00+00:00,0.137667715549469,0.012060984969139099,-0.1476900577545166,614.2280883789062,683.3943481445312,-1248.51171875,-2499.52294921875,Shutdown,Shutdown,0.0005963823641650379,0.0023209438659250736,22.160083770751953,-1248.630859375,-2499.761474609375,0.2679874897003174,0.44499385356903076,0.010156925767660141,0.00693822605535388,0.0,Shutdown,-0.0016164747066795826,1.848077416419983,Shutdown,-0.00137325597461313,408.8952941894531,-0.2637524902820587,22.268573760986328,-0.601472020149231,-0.7043811678886414,0.06389901787042618,14.813104629516602,0.11710474640130997,14.910197257995605,0.21419766545295715
2025-04-30 19:22:30+00:00,0.13769908249378204,0.012060984969139099,-0.1476900577545166,613.7274169921875,683.0367431640625,-1248.630859375,-2499.761474609375,Shutdown,Shutdown,0.0005960960988886654,0.002317823236808181,22.16176414489746,-1248.51171875,-2499.52294921875,0.2679874897003174,0.4450041651725769,0.010156925767660141,0.00693822605535388,0.0,Shutdown,-0.0016164747066795826,1.8297667503356934,Shutdown,-0.00137325597461313,408.381591796875,-0.25954893231391907,22.269088745117188,-0.6647330522537231,-0.6149653196334839,0.06389901787042618,14.813102722167969,0.11710309982299805,14.908935546875,0.2129354476928711
2025-04-30 19:23:00+00:00,0.1377304643392563,0.012060984969139099,-0.1476900577545166,614.2280883789062,683.0367431640625,-1248.51171875,-2499.52294921875,Shutdown,Shutdown,0.000595809833612293,0.0023147028405219316,22.16344451904297,-1248.630859375,-2499.761474609375,0.2679874897003174,0.44501450657844543,0.010156925767660141,0.00693822605535388,0.0,Shutdown,-0.0016164747066795826,1.8246166706085205,Shutdown,-0.00137325597461313,406.6389465332031,-0.2692651152610779,22.26960563659668,-0.6782012581825256,-0.6701897382736206,0.06389901787042618,14.813101768493652,0.11710145324468613,14.907672882080078,0.21167322993278503
2025-04-30 19:23:30+00:00,0.13772805035114288,0.012060984969139099,-0.13725927472114563,614.0135498046875,682.5360717773438,-1248.51171875,-2499.52294921875,Shutdown,Shutdown,0.0005955235101282597,0.002311582211405039,22.16512680053711,-1248.630859375,-2499.761474609375,0.2679874897003174,0.44502484798431396,0.010156925767660141,0.00693822605535388,0.0,Shutdown,-0.0016164747066795826,1.8251888751983643,Shutdown,-0.00137325597461313,404.3322448730469,-0.3088154196739197,22.27012062072754,-0.8139970898628235,-0.7114260792732239,0.06389901787042618,14.81309986114502,0.1170998066663742,14.906411170959473,0.21041101217269897
2025-04-30 19:24:00+00:00,0.13769982755184174,0.012060984969139099,-0.14888224005699158,613.5128173828125,683.1082763671875,-1248.51171875,-2499.52294921875,Shutdown,Shutdown,0.0005952372448518872,0.0023084618151187897,22.166807174682617,-1248.630859375,-2499.761474609375,0.2679874897003174,0.4450351595878601,0.010156925767660141,0.00693822605535388,0.0,Shutdown,-0.0016164747066795826,1.8386359214782715,Shutdown,-0.00137325597461313,404.9829406738281,-0.2843102812767029,22.2706356048584,-0.7361891865730286,-0.6853054165840149,0.06389901787042618,14.813097953796387,0.11709816008806229,14.90514850616455,0.20914879441261292
2025-04-30 19:24:30+00:00,0.1376715898513794,0.012060984969139099,-0.14888224005699158,613.4413452148438,683.5374145507812,-1248.51171875,-2499.52294921875,Shutdown,Shutdown,0.0005949509213678539,0.0023053414188325405,22.168487548828125,-1248.630859375,-2499.761474609375,0.2679874897003174,0.44504550099372864,0.010156925767660141,0.00693822605535388,0.0,Shutdown,-0.0016164747066795826,1.8263332843780518,Shutdown,-0.00137325597461313,403.798828125,-0.27839672565460205,22.27115249633789,-0.7484970092773438,-0.6255933046340942,0.06389901787042618,14.813096046447754,0.11709651350975037,14.908304214477539,0.21230433881282806
2025-04-30 19:25:00+00:00,0.13764335215091705,0.012060984969139099,-0.14888224005699158,613.5128173828125,683.3228149414062,-1248.51171875,-2499.52294921875,Shutdown,Shutdown,0.0005946646560914814,0.0023022207897156477,22.168333053588867,-1248.630859375,-2499.761474609375,0.2679874897003174,0.44505584239959717,0.010156925767660141,0.00693822605535388,0.0,Shutdown,-0.0016164747066795826,1.850080132484436,Shutdown,-0.00137325597461313,403.99224853515625,-0.29057812690734863,22.27166748046875,-0.6743891835212708,-0.7612102627754211,0.06389901787042618,14.813095092773438,0.11709487438201904,14.907350540161133,0.21135066449642181
2025-04-30 19:25:30+00:00,0.1376151144504547,0.012060984969139099,-0.14888224005699158,614.0850219726562,683.5374145507812,-1248.51171875,-2499.52294921875,Shutdown,Shutdown,0.000594378390815109,0.0022991003934293985,22.16263198852539,-1248.630859375,-2499.761474609375,0.2679874897003174,0.4450661540031433,0.010156925767660141,0.00693822605535388,0.0,Shutdown,-0.0016164747066795826,1.8300528526306152,Shutdown,-0.00137325597461313,404.6475830078125,-0.3127719461917877,22.27218246459961,-0.7381414771080017,-0.7892042398452759,0.06389901787042618,14.813093185424805,0.11709322780370712,14.904162406921387,0.2081623524427414
2025-04-30 19:26:00+00:00,0.13758689165115356,0.012060984969139099,-0.14888224005699158,614.0135498046875,682.6790771484375,-1248.51171875,-2499.52294921875,Shutdown,Shutdown,0.0005940920673310757,0.0022959797643125057,22.16789436340332,-1248.630859375,-2499.761474609375,0.2679874897003174,0.44507649540901184,0.010156925767660141,0.00693822605535388,0.0,Shutdown,-0.0016164747066795826,1.8463608026504517,Shutdown,-0.00137325597461313,403.7886047363281,-0.31032243371009827,22.2726993560791,-0.7730481624603271,-0.7615519762039185,0.06389901787042618,14.813091278076172,0.1170915812253952,14.904356956481934,0.20835742354393005
2025-04-30 19:26:30+00:00,0.13755865395069122,0.012060984969139099,-0.14888224005699158,614.1565551757812,683.1082763671875,-1248.51171875,-2499.52294921875,Shutdown,Shutdown,0.0005938058020547032,0.0022928593680262566,22.160999298095703,-1248.630859375,-2499.761474609375,0.2679874897003174,0.44508683681488037,0.010156925767660141,0.00693822605535388,0.0,Shutdown,-0.0016164747066795826,1.8269054889678955,Shutdown,-0.00137325597461313,405.3953552246094,-0.29345881938934326,22.27321434020996,-0.7018899321556091,-0.7611785531044006,0.06389901787042618,14.813090324401855,0.11708993464708328,14.904552459716797,0.2085524946451187
2025-04-30 19:27:00+00:00,0.13753041625022888,0.012060984969139099,-0.14888224005699158,613.4413452148438,682.8221435546875,-1248.51171875,-2499.52294921875,Shutdown,Shutdown,0.0005935194785706699,0.0022897387389093637,22.168750762939453,-1248.630859375,-2499.761474609375,0.2679874897003174,0.4450971782207489,0.010156925767660141,0.00693822605535388,0.0,Shutdown,-0.0016164747066795826,1.844357967376709,Shutdown,-0.00137325597461313,401.6483154296875,-0.31149208545684814,22.273731231689453,-0.7538706660270691,-0.7955559492111206,0.06389901787042618,14.813088417053223,0.11708828806877136,14.904747009277344,0.20874756574630737
2025-04-30 19:27:30+00:00,0.13750217854976654,0.012060984969139099,-0.14865872263908386,613.5128173828125,682.9652099609375,-1248.51171875,-2499.52294921875,Shutdown,Shutdown,0.0005932332132942975,0.0022866183426231146,22.16135597229004,-1248.630859375,-2499.761474609375,0.2679874897003174,0.44510748982429504,0.010156925767660141,0.00693822605535388,0.0,Shutdown,-0.0016164747066795826,1.845502495765686,Shutdown,-0.00137325597461313,403.0238037109375,-0.3242175579071045,22.274246215820312,-0.7890502214431763,-0.8121014833450317,0.06389901787042618,14.81308650970459,0.11708664149045944,14.904942512512207,0.20894263684749603
2025-04-30 19:28:00+00:00,0.1374739557504654,0.012060984969139099,-0.14821167290210724,613.6558837890625,682.8221435546875,-1248.51171875,-2499.52294921875,Shutdown,Shutdown,0.000592946948017925,0.0022834979463368654,22.163898468017578,-1248.630859375,-2499.761474609375,0.2679874897003174,0.4451178312301636,0.010156925767660141,0.00693822605535388,0.0,Shutdown,-0.0016164747066795826,1.8432135581970215,Shutdown,-0.00137325597461313,401.3852233886719,-0.29579585790634155,22.274761199951172,-0.7625565528869629,-0.7291022539138794,0.06389901787042618,14.813084602355957,0.11708499491214752,14.90513801574707,0.2091377079486847
2025-04-30 19:28:30+00:00,0.13744571805000305,0.012060984969139099,-0.1477646380662918,613.7274169921875,682.1068725585938,-1248.51171875,-2499.52294921875,Shutdown,Shutdown,0.0005926606245338917,0.0022803773172199726,22.166440963745117,-1248.630859375,-2499.761474609375,0.2679874897003174,0.4451281726360321,0.010156925767660141,0.00693822605535388,0.0,Shutdown,-0.0016164747066795826,1.8289082050323486,Shutdown,-0.00137325597461313,400.03143310546875,-0.31713512539863586,22.275278091430664,-0.801311731338501,-0.7823394536972046,0.06389901787042618,14.81308364868164,0.1170833483338356,14.905332565307617,0.20933277904987335
2025-04-30 19:29:00+00:00,0.1374174803495407,0.012060984969139099,-0.14731758832931519,613.2267456054688,682.7506103515625,-1248.51171875,-2499.52294921875,Shutdown,Shutdown,0.0005923743592575192,0.0022772569209337234,22.168983459472656,-1248.630859375,-2499.761474609375,0.2679874897003174,0.44513848423957825,0.010156925767660141,0.00693822605535388,0.0,Shutdown,-0.0016164747066795826,1.8492218255996704,Shutdown,-0.00137325597461313,402.1920166015625,-0.2979776859283447,22.275793075561523,-0.6718292236328125,-0.8162261247634888,0.06389901787042618,14.813081741333008,0.11708170920610428,14.90552806854248,0.209527850151062
2025-04-30 19:29:30+00:00,0.13738924264907837,0.012060984969139099,-0.14687053859233856,613.9420166015625,683.0367431640625,-1248.51171875,-2499.52294921875,Shutdown,Shutdown,0.0005920880357734859,0.0022741362918168306,22.160097122192383,-1248.630859375,-2499.761474609375,0.2679874897003174,0.4451488256454468,0.010156925767660141,0.00693822605535388,0.0,Shutdown,-0.0016164747066795826,1.8226139545440674,Shutdown,-0.00137325597461313,401.64483642578125,-0.3247939348220825,22.276308059692383,-0.765098512172699,-0.8553114533424377,0.06389901787042618,14.813079833984375,0.11708006262779236,14.905722618103027,0.20972292125225067
2025-04-30 19:30:00+00:00,0.13736101984977722,0.012060984969139099,-0.14642350375652313,612.5830078125,683.0367431640625,-1248.51171875,-2499.52294921875,Shutdown,Shutdown,0.0005918017704971135,0.0022710158955305815,22.16155242919922,-1248.630859375,-2499.761474609375,0.2679874897003174,0.4451591670513153,0.010156925767660141,0.00693822605535388,0.0,Shutdown,-0.0016164747066795826,1.8549439907073975,Shutdown,-0.00137325597461313,402.42742919921875,-0.3202837109565735,22.276824951171875,-0.8082184791564941,-0.8098732829093933,0.06389901787042618,14.813077926635742,0.11707841604948044,14.90591812133789,0.20991799235343933
2025-04-30 19:30:30+00:00,0.13733278214931488,0.012060984969139099,-0.1459764540195465,614.2280883789062,682.9652099609375,-1248.51171875,-2499.52294921875,Shutdown,Shutdown,0.000591515505220741,0.0022678952664136887,22.163009643554688,-1248.630859375,-2499.761474609375,0.2679874897003174,0.44516947865486145,0.010156925767660141,0.00693822605535388,0.0,Shutdown,-0.0016164747066795826,1.8223278522491455,Shutdown,-0.00137325597461313,404.5604248046875,-0.2974105477333069,22.277339935302734,-0.7123900055885315,-0.73775714635849,0.06389901787042618,14.813076972961426,0.11707676947116852,14.906112670898438,0.2101130485534668
2025-04-30 19:31:00+00:00,0.13730454444885254,0.012060984969139099,-0.14552941918373108,613.5128173828125,682.6790771484375,-1248.51171875,-2499.52294921875,Shutdown,Shutdown,0.0005912291817367077,0.0022647748701274395,22.164466857910156,-1248.630859375,-2499.761474609375,0.2679874897003174,0.44517982006073,0.010156925767660141,0.00693822605535388,0.0,Shutdown,-0.0016164747066795826,1.845502495765686,Shutdown,-0.00137325597461313,403.3948974609375,-0.30829471349716187,22.277854919433594,-0.7499017715454102,-0.7786896228790283,0.06389901787042618,14.813075065612793,0.1170751228928566,14.9063081741333,0.21030811965465546
2025-04-30 19:31:30+00:00,0.1372763216495514,0.012060984969139099,-0.14508236944675446,613.5128173828125,682.8221435546875,-1248.51171875,-2499.52294921875,Shutdown,Shutdown,0.0005909429164603353,0.0022616544738411903,22.165922164916992,-1248.630859375,-2499.761474609375,0.2679874897003174,0.4451901614665985,0.010156925767660141,0.00693822605535388,0.0,Shutdown,-0.0016164747066795826,1.832913875579834,Shutdown,-0.00137325597461313,407.77215576171875,-0.26331186294555664,22.278371810913086,-0.6687023639678955,-0.6199982762336731,0.06389901787042618,14.81307315826416,0.11707347631454468,14.906502723693848,0.21050319075584412
2025-04-30 19:32:00+00:00,0.13724808394908905,0.012060984969139099,-0.14463533461093903,613.8704833984375,683.3228149414062,-1248.51171875,-2499.52294921875,Shutdown,Shutdown,0.0005906565929763019,0.0022585338447242975,22.16737937927246,-1248.630859375,-2499.761474609375,0.2679874897003174,0.44520047307014465,0.010156925767660141,0.00693822605535388,0.0,Shutdown,-0.0016164747066795826,1.839780330657959,Shutdown,-0.00137325597461313,410.573974609375,-0.24619334936141968,22.278886795043945,-0.5543388724327087,-0.6495388746261597,0.06389901787042618,14.813072204589844,0.11707182973623276,14.906698226928711,0.21069826185703278
2025-04-30 19:32:30+00:00,0.1372198462486267,0.012060984969139099,-0.1441882848739624,612.9406127929688,682.5360717773438,-1248.51171875,-2499.52294921875,Shutdown,Shutdown,0.0005903703276999295,0.0022554134484380484,22.168834686279297,-1248.630859375,-2499.761474609375,0.2679874897003174,0.4452108144760132,0.010156925767660141,0.00693822605535388,0.0,Shutdown,-0.0016164747066795826,1.8203251361846924,Shutdown,-0.00137325597461313,402.4981384277344,-0.2956222891807556,22.279401779174805,-0.6840420365333557,-0.7849934697151184,0.06389901787042618,14.813070297241211,0.11707018315792084,14.906892776489258,0.21089333295822144
2025-04-30 19:33:00+00:00,0.13719160854816437,0.012060984969139099,-0.15337958931922913,613.1552124023438,683.0367431640625,-1248.51171875,-2499.52294921875,Shutdown,Shutdown,0.000590084062423557,0.0022522928193211555,22.165000915527344,-1248.630859375,-2499.761474609375,0.2679874897003174,0.4452211558818817,0.010156925767660141,0.00693822605535388,0.0,Shutdown,-0.0016164747066795826,1.8317694664001465,Shutdown,-0.00137325597461313,404.96429443359375,-0.28799861669540405,22.279918670654297,-0.676650881767273,-0.7482887506484985,0.06389901787042618,14.813068389892578,0.11706854403018951,14.907088279724121,0.2110884040594101
2025-04-30 19:33:30+00:00,0.13716338574886322,0.012060984969139099,-0.15045355260372162,613.7274169921875,683.8235473632812,-1248.51171875,-2499.52294921875,Shutdown,Shutdown,0.0005897977389395237,0.0022491724230349064,22.166000366210938,-1248.630859375,-2499.761474609375,0.2679874897003174,0.44523146748542786,0.010156925767660141,0.00693822605535388,0.0,Shutdown,-0.0016164747066795826,1.8317694664001465,Shutdown,-0.00137325597461313,401.3136291503906,-0.3055097460746765,22.280433654785156,-0.8309508562088013,-0.6885860562324524,0.06389901787042618,14.813066482543945,0.1170668974518776,14.907283782958984,0.21128347516059875
2025-04-30 19:34:00+00:00,0.13713514804840088,0.012060984969139099,-0.14752750098705292,613.0836791992188,682.9652099609375,-1248.51171875,-2499.52294921875,Shutdown,Shutdown,0.0005895114736631513,0.0022460517939180136,22.165714263916016,-1248.630859375,-2499.761474609375,0.2679874897003174,0.4452418088912964,0.010156925767660141,0.00693822605535388,0.0,Shutdown,-0.0016164747066795826,1.8414969444274902,Shutdown,-0.00137325597461313,403.4548645019531,-0.2948494553565979,22.28095054626465,-0.7822462320327759,-0.6769084334373474,0.06389901787042618,14.813065528869629,0.11706525087356567,14.907478332519531,0.21147854626178741
2025-04-30 19:34:30+00:00,0.13710691034793854,0.012060984969139099,-0.14460144937038422,614.4426879882812,683.2512817382812,-1248.51171875,-2499.52294921875,Shutdown,Shutdown,0.0005892251501791179,0.0022429313976317644,22.169090270996094,-1248.630859375,-2499.761474609375,0.2679874897003174,0.4452521502971649,0.010156925767660141,0.00693822605535388,0.0,Shutdown,-0.0016164747066795826,1.8532273769378662,Shutdown,-0.00137325597461313,402.8042297363281,-0.3165544867515564,22.281465530395508,-0.7809871435165405,-0.77108234167099,0.06389901787042618,14.813063621520996,0.11706360429525375,14.906426429748535,0.21042679250240326
2025-04-30 19:35:00+00:00,0.1370786726474762,0.012060984969139099,-0.138749361038208,613.3698120117188,682.5360717773438,-1248.51171875,-2499.52294921875,Shutdown,Shutdown,0.0005889388849027455,0.0022398110013455153,22.1602783203125,-1248.630859375,-2499.761474609375,0.2679874897003174,0.44526246190071106,0.010156925767660141,0.00693822605535388,0.0,Shutdown,-0.0016164747066795826,1.8300528526306152,Shutdown,-0.00137325597461313,402.59765625,-0.3150445222854614,22.281980514526367,-0.7750857472419739,-0.8021765351295471,0.06389901787042618,14.813061714172363,0.11706195771694183,14.904047012329102,0.20804741978645325
2025-04-30 19:35:30+00:00,0.13705044984817505,0.012089936062693596,-0.13449189066886902,613.7274169921875,682.9652099609375,-1248.51171875,-2499.52294921875,Shutdown,Shutdown,0.000588652619626373,0.0022366903722286224,22.16092300415039,-1248.630859375,-2499.761474609375,0.2679874897003174,0.4452728033065796,0.010156925767660141,0.00693822605535388,0.0,Shutdown,-0.0016164747066795826,1.841783046722412,Shutdown,-0.00137325597461313,405.1916198730469,-0.31594914197921753,22.28249740600586,-0.709473192691803,-0.8664283752441406,0.06389901787042618,14.81305980682373,0.11706031113862991,14.904393196105957,0.20839349925518036
2025-04-30 19:36:00+00:00,0.1370222121477127,0.012141025625169277,-0.14113359153270721,613.2982788085938,682.6790771484375,-1248.51171875,-2499.52294921875,Shutdown,Shutdown,0.0005883662961423397,0.0022335699759423733,22.16156578063965,-1248.630859375,-2499.761474609375,0.2679874897003174,0.4452831447124481,0.010156925767660141,0.00693822605535388,0.0,Shutdown,-0.0016164747066795826,1.8449302911758423,Shutdown,-0.00137325597461313,400.3326416015625,-0.3012780249118805,22.28301239013672,-0.7406939268112183,-0.7620699405670166,0.06389901787042618,14.813058853149414,0.117058664560318,14.904739379882812,0.20873959362506866
2025-04-30 19:36:30+00:00,0.13699397444725037,0.012192115187644958,-0.1477752923965454,612.869140625,682.5360717773438,-1248.51171875,-2499.52294921875,Shutdown,Shutdown,0.0005880800308659673,0.0022304493468254805,22.16221046447754,-1248.630859375,-2499.761474609375,0.2679874897003174,0.44529345631599426,0.010156925767660141,0.00693822605535388,0.0,Shutdown,-0.0016164747066795826,1.832627773284912,Shutdown,-0.00137325597461313,400.8076171875,-0.3092024326324463,22.283527374267578,-0.7212744355201721,-0.8241097331047058,0.06389901787042618,14.813056945800781,0.11705701798200607,14.905085563659668,0.20908568799495697
2025-04-30 19:37:00+00:00,0.13696573674678802,0.01224320475012064,-0.14803072810173035,613.0121459960938,683.6089477539062,-1248.51171875,-2499.52294921875,Shutdown,Shutdown,0.0005877937073819339,0.0022273289505392313,22.162853240966797,-1248.630859375,-2499.761474609375,0.2679874897003174,0.4453037977218628,0.010156925767660141,0.00693822605535388,0.0,Shutdown,-0.0016164747066795826,1.8377776145935059,Shutdown,-0.00137325597461313,404.2421875,-0.27008670568466187,22.28404426574707,-0.6755722761154175,-0.6368964314460754,0.06389901787042618,14.813055038452148,0.11705537885427475,14.905431747436523,0.20943178236484528
2025-04-30 19:37:30+00:00,0.13693751394748688,0.012294294312596321,-0.14700891077518463,612.869140625,684.0381469726562,-1248.51171875,-2499.52294921875,Shutdown,Shutdown,0.0005875074421055615,0.0022242083214223385,22.163497924804688,-1248.630859375,-2499.761474609375,0.2679874897003174,0.4453141391277313,0.010156925767660141,0.00693822605535388,0.0,Shutdown,-0.0016164747066795826,1.848077416419983,Shutdown,-0.00137325597461313,401.95440673828125,-0.28176090121269226,22.28455924987793,-0.6803526878356934,-0.7364746928215027,0.06389901787042618,14.813054084777832,0.11705373227596283,14.905777931213379,0.20977787673473358
2025-04-30 19:38:00+00:00,0.13690927624702454,0.012345383875072002,-0.1459871083498001,612.797607421875,682.3930053710938,-1248.51171875,-2499.52294921875,Shutdown,Shutdown,0.0005872211768291891,0.0022210879251360893,22.164140701293945,-1248.630859375,-2499.761474609375,0.2679874897003174,0.44532448053359985,0.010156925767660141,0.00693822605535388,0.0,Shutdown,-0.0016164747066795826,1.8572328090667725,Shutdown,-0.00137325597461313,400.0670471191406,-0.32201308012008667,22.28507423400879,-0.7857221961021423,-0.8264662623405457,0.06389901787042618,14.8130521774292,0.11705208569765091,14.906124114990234,0.2101239562034607
2025-04-30 19:38:30+00:00,0.1368810385465622,0.012396474368870258,-0.1449652910232544,613.7274169921875,682.6076049804688,-1248.51171875,-2499.52294921875,Shutdown,Shutdown,0.0005869348533451557,0.00221796752884984,22.164785385131836,-1248.630859375,-2499.761474609375,0.2679874897003174,0.445334792137146,0.010156925767660141,0.00693822605535388,0.0,Shutdown,-0.0016164747066795826,1.845502495765686,Shutdown,-0.00137325597461313,404.4849853515625,-0.28276991844177246,22.28559112548828,-0.7486730217933655,-0.6480326652526855,0.06389901787042618,14.813050270080566,0.11705043911933899,14.90647029876709,0.210470050573349
2025-04-30 19:39:00+00:00,0.13685280084609985,0.01244756393134594,-0.138749361038208,614.4426879882812,682.6790771484375,-1248.51171875,-2499.52294921875,Shutdown,Shutdown,0.0005866485880687833,0.0022148468997329473,22.165430068969727,-1248.51171875,-2499.52294921875,0.2679874897003174,0.4453451335430145,0.010156925767660141,0.00693822605535388,0.0,Shutdown,-0.0016164747066795826,1.8286221027374268,Shutdown,-0.00137325597461313,395.7977294921875,-0.33780673146247864,22.28610610961914,-0.8761627674102783,-0.8280117511749268,0.06389901787042618,14.813048362731934,0.11704879254102707,14.906816482543945,0.2108161449432373
2025-04-30 19:39:30+00:00,0.1368245780467987,0.012498653493821621,-0.1430707573890686,612.869140625,683.1082763671875,-1248.51171875,-2499.52294921875,Shutdown,Shutdown,0.0005863622645847499,0.002211726503446698,22.166072845458984,-1248.630859375,-2499.761474609375,0.2679874897003174,0.44535547494888306,0.010156925767660141,0.00693822605535388,0.0,Shutdown,-0.0016164747066795826,1.8343443870544434,Shutdown,-0.00137325597461313,397.3072204589844,-0.3254989981651306,22.28662109375,-0.786960244178772,-0.8519344329833984,0.06389901787042618,14.813047409057617,0.11704714596271515,14.907161712646484,0.2111622393131256
2025-04-30 19:40:00+00:00,0.13679634034633636,0.012549743056297302,-0.14877548813819885,613.9420166015625,682.7506103515625,-1248.51171875,-2499.52294921875,Shutdown,Shutdown,0.0005860759993083775,0.0022086058743298054,22.166717529296875,-1248.630859375,-2499.761474609375,0.2679874897003174,0.4453657865524292,0.010156925767660141,0.00693822605535388,0.0,Shutdown,-0.0016164747066795826,1.845788598060608,Shutdown,-0.00137325597461313,402.87744140625,-0.2840074300765991,22.287137985229492,-0.739411473274231,-0.6683244705200195,0.06389901787042618,14.813045501708984,0.11704549938440323,14.90750789642334,0.21150833368301392
2025-04-30 19:40:30+00:00,0.13676810264587402,0.012600832618772984,-0.1485619693994522,613.7274169921875,683.5374145507812,-1248.51171875,-2499.52294921875,Shutdown,Shutdown,0.0005857897340320051,0.002205485478043556,22.167360305786133,-1248.630859375,-2499.761474609375,0.2679874897003174,0.44537612795829773,0.010156925767660141,0.00693822605535388,0.0,Shutdown,-0.0016164747066795826,1.830625057220459,Shutdown,-0.00137325597461313,402.113525390625,-0.2997601628303528,22.28765296936035,-0.7186787128448486,-0.7706714868545532,0.06389901787042618,14.813043594360352,0.11704385280609131,14.907474517822266,0.21147483587265015
2025-04-30 19:41:00+00:00,0.13673987984657288,0.012651922181248665,-0.14834845066070557,613.2982788085938,682.9652099609375,-1248.51171875,-2499.52294921875,Shutdown,Shutdown,0.0005855034105479717,0.0022023648489266634,22.168004989624023,-1248.630859375,-2499.761474609375,0.2679874897003174,0.44538646936416626,0.010156925767660141,0.00693822605535388,0.0,Shutdown,-0.0016164747066795826,1.830625057220459,Shutdown,-0.00137325597461313,400.73699951171875,-0.2924858629703522,22.288169860839844,-0.712481677532196,-0.753325343132019,0.06389901787042618,14.813042640686035,0.11704221367835999,14.907325744628906,0.21132582426071167
2025-04-30 19:41:30+00:00,0.13671164214611053,0.012703011743724346,-0.14813494682312012,613.9420166015625,683.2512817382812,-1248.51171875,-2499.52294921875,Shutdown,Shutdown,0.0005852171452715993,0.0021992444526404142,22.16864776611328,-1248.51171875,-2499.52294921875,0.2679874897003174,0.4453967809677124,0.010156925767660141,0.00693822605535388,0.0,Shutdown,-0.0016164747066795826,1.830625057220459,Shutdown,-0.00137325597461313,397.67578125,-0.3316480219364166,22.288684844970703,-0.8148860335350037,-0.8556914925575256,0.06389901787042618,14.813040733337402,0.11704056710004807,14.907176971435547,0.2111768126487732
2025-04-30 19:42:00+00:00,0.1366834044456482,0.012754102237522602,-0.14792142808437347,613.2267456054688,683.3228149414062,-1248.51171875,-2499.52294921875,Shutdown,Shutdown,0.0005849308799952269,0.002196124056354165,22.169292449951172,-1248.630859375,-2499.761474609375,0.2679874897003174,0.44540712237358093,0.010156925767660141,0.00693822605535388,0.0,Shutdown,-0.0016164747066795826,1.8160336017608643,Shutdown,-0.00137325597461313,397.37347412109375,-0.3148123621940613,22.289199829101562,-0.7957533001899719,-0.795575737953186,0.06389901787042618,14.81303882598877,0.11703892052173615,14.907027244567871,0.21102780103683472
2025-04-30 19:42:30+00:00,0.13665516674518585,0.012805191799998283,-0.14770792424678802,613.2982788085938,683.1082763671875,-1248.51171875,-2499.52294921875,Shutdown,Shutdown,0.0005846445565111935,0.0021930034272372723,22.16993522644043,-1248.630859375,-2499.761474609375,0.2679874897003174,0.44541746377944946,0.010156925767660141,0.00693822605535388,0.0,Shutdown,-0.0016164747066795826,1.8231861591339111,Shutdown,-0.00137325597461313,393.5302429199219,-0.34613412618637085,22.289716720581055,-0.8711841702461243,-0.8656853437423706,0.06389901787042618,14.813036918640137,0.11703727394342422,14.906878471374512,0.21087878942489624
2025-04-30 19:43:00+00:00,0.1366269439458847,0.012856281362473965,-0.14749440550804138,613.6558837890625,682.6076049804688,-1248.51171875,-2499.52294921875,Shutdown,Shutdown,0.0005843582912348211,0.002189883030951023,22.167909622192383,-1248.51171875,-2499.52294921875,0.2679874897003174,0.4454277753829956,0.010156925767660141,0.00693822605535388,0.0,Shutdown,-0.0016164747066795826,1.825761079788208,Shutdown,-0.00137325597461313,402.364501953125,-0.3013041615486145,22.290231704711914,-0.7715442776679993,-0.7259926199913025,0.06389901787042618,14.81303596496582,0.1170356273651123,14.906729698181152,0.21072977781295776
2025-04-30 19:43:30+00:00,0.13659870624542236,0.012907370924949646,-0.14728088676929474,613.8704833984375,682.9652099609375,-1248.51171875,-2499.52294921875,Shutdown,Shutdown,0.0005840719677507877,0.0021867624018341303,22.163433074951172,-1248.630859375,-2499.761474609375,0.2679874897003174,0.44543811678886414,0.010156925767660141,0.00693822605535388,0.0,Shutdown,-0.0016164747066795826,1.8475052118301392,Shutdown,-0.00137325597461313,399.5408020019531,-0.3054679036140442,22.290746688842773,-0.7969931960105896,-0.7284948229789734,0.06389901787042618,14.813034057617188,0.11703398078680038,14.906580924987793,0.2105807662010193
2025-04-30 19:44:00+00:00,0.13657046854496002,0.012958460487425327,-0.1470673829317093,613.4413452148438,683.1798095703125,-1248.51171875,-2499.52294921875,Shutdown,Shutdown,0.0005837857024744153,0.002183642005547881,22.158954620361328,-1248.630859375,-2499.761474609375,0.2679874897003174,0.44544845819473267,0.010156925767660141,0.00693822605535388,0.0,Shutdown,-0.0016164747066795826,1.8217556476593018,Shutdown,-0.00137325597461313,396.1672058105469,-0.32132330536842346,22.291263580322266,-0.8066192865371704,-0.8141882419586182,0.06389901787042618,14.813032150268555,0.11703233420848846,14.906431198120117,0.2104317545890808
2025-04-30 19:44:30+00:00,0.13654223084449768,0.013009550049901009,-0.14685386419296265,613.6558837890625,683.5374145507812,-1248.51171875,-2499.52294921875,Shutdown,Shutdown,0.0005834994371980429,0.0021805213764309883,22.154478073120117,-1248.51171875,-2499.52294921875,0.2679874897003174,0.4454587697982788,0.010156925767660141,0.00693822605535388,0.0,Shutdown,-0.0016164747066795826,1.8406386375427246,Shutdown,-0.00137325597461313,399.4397888183594,-0.3325466513633728,22.291778564453125,-0.8222295641899109,-0.8465943336486816,0.06389901787042618,14.813030242919922,0.11703068763017654,14.906282424926758,0.21028274297714233
2025-04-30 19:45:00+00:00,0.13651400804519653,0.01306063961237669,-0.146640345454216,613.8704833984375,682.6790771484375,-1248.51171875,-2499.52294921875,Shutdown,Shutdown,0.0005832131137140095,0.002177400980144739,22.149999618530273,-1248.630859375,-2499.761474609375,0.2679874897003174,0.44546911120414734,0.010156925767660141,0.00693822605535388,0.0,Shutdown,-0.0016164747066795826,1.8406386375427246,Shutdown,-0.00137325597461313,401.87548828125,-0.27623286843299866,22.292293548583984,-0.6255470514297485,-0.7488992214202881,0.06389901787042618,14.813029289245605,0.11702904850244522,14.906133651733398,0.21013373136520386
2025-04-30 19:45:30+00:00,0.1364857703447342,0.013111730106174946,-0.14642684161663055,613.7274169921875,683.3228149414062,-1248.51171875,-2499.52294921875,Shutdown,Shutdown,0.0005829268484376371,0.0021742803510278463,22.15566062927246,-1248.630859375,-2499.761474609375,0.2679874897003174,0.44547945261001587,0.010156925767660141,0.00693822605535388,0.0,Shutdown,-0.0016164747066795826,1.8323416709899902,Shutdown,-0.00137325597461313,408.22705078125,-0.26740753650665283,22.292810440063477,-0.6311030387878418,-0.6509020328521729,0.06389901787042618,14.813027381896973,0.1170274019241333,14.905984878540039,0.20998471975326538
2025-04-30 19:46:00+00:00,0.13645753264427185,0.013162819668650627,-0.1462133228778839,613.5843505859375,683.1082763671875,-1248.51171875,-2499.52294921875,Shutdown,Shutdown,0.0005826405249536037,0.002171159954741597,22.1592960357666,-1248.630859375,-2499.761474609375,0.2679874897003174,0.445489764213562,0.010156925767660141,0.00693822605535388,0.0,Shutdown,-0.0016164747066795826,1.8492218255996704,Shutdown,-0.00137325597461313,398.34033203125,-0.30584412813186646,22.293325424194336,-0.7696658968925476,-0.7649767398834229,0.06389901787042618,14.81302547454834,0.11702575534582138,14.905835151672363,0.2098357081413269
2025-04-30 19:46:30+00:00,0.1364292949438095,0.013213909231126308,-0.14599981904029846,613.2267456054688,682.8221435546875,-1248.51171875,-2499.52294921875,Shutdown,Shutdown,0.0005823542596772313,0.002168039558455348,22.156280517578125,-1248.630859375,-2499.761474609375,0.2679874897003174,0.44550010561943054,0.010156925767660141,0.00693822605535388,0.0,Shutdown,-0.0016164747066795826,1.8300528526306152,Shutdown,-0.00137325597461313,392.8966064453125,-0.292023241519928,22.293840408325195,-0.7688215970993042,-0.7141852378845215,0.06389901787042618,14.813024520874023,0.11702410876750946,14.905686378479004,0.20968669652938843
2025-04-30 19:47:00+00:00,0.13640107214450836,0.01326499879360199,-0.14578630030155182,612.225341796875,682.6790771484375,-1248.51171875,-2499.52294921875,Shutdown,Shutdown,0.0005820679944008589,0.002164918929338455,22.15326690673828,-1248.630859375,-2499.761474609375,0.2679874897003174,0.4455104470252991,0.010156925767660141,0.00693822605535388,0.0,Shutdown,-0.0016164747066795826,1.8366332054138184,Shutdown,-0.00137325597461313,398.54638671875,-0.29777592420578003,22.294357299804688,-0.7170810699462891,-0.7659291625022888,0.06389901787042618,14.81302261352539,0.11702246218919754,14.905537605285645,0.20953768491744995
2025-04-30 19:47:30+00:00,0.13637283444404602,0.013316088356077671,-0.14557278156280518,613.7989501953125,682.8936767578125,-1248.51171875,-2499.52294921875,Shutdown,Shutdown,0.0005817816709168255,0.002161798533052206,22.150251388549805,-1248.51171875,-2499.52294921875,0.2679874897003174,0.4455207586288452,0.010156925767660141,0.00693822605535388,0.0,Shutdown,-0.0016164747066795826,1.8366332054138184,Shutdown,-0.00137325597461313,399.7114562988281,-0.28982022404670715,22.294872283935547,-0.7154824733734131,-0.7324029803276062,0.06389901787042618,14.813020706176758,0.11702081561088562,14.905388832092285,0.20938867330551147
2025-04-30 19:48:00+00:00,0.13634459674358368,0.013367177918553352,-0.14535927772521973,613.5843505859375,683.1082763671875,-1248.51171875,-2499.52294921875,Shutdown,Shutdown,0.0005814954056404531,0.0021586779039353132,22.147235870361328,-1248.51171875,-2499.52294921875,0.2679874897003174,0.44553110003471375,0.010156925767660141,0.00693822605535388,0.0,Shutdown,-0.0016164747066795826,1.8437857627868652,Shutdown,-0.00137325597461313,395.6912841796875,-0.3157973289489746,22.29538917541504,-0.7717880606651306,-0.8275614380836487,0.06389901787042618,14.813018798828125,0.1170191690325737,14.90523910522461,0.209239661693573
2025-04-30 19:48:30+00:00,0.13631635904312134,0.013418267481029034,-0.14514575898647308,613.6558837890625,683.6804809570312,-1248.51171875,-2499.52294921875,Shutdown,Shutdown,0.0005812090821564198,0.002155557507649064,22.14422035217285,-1248.630859375,-2499.761474609375,0.2679874897003174,0.4455414414405823,0.010156925767660141,0.00693822605535388,0.0,Shutdown,-0.0016164747066795826,1.8437857627868652,Shutdown,-0.00137325597461313,399.71929931640625,-0.30184832215309143,22.2959041595459,-0.7197967767715454,-0.7865862250328064,0.06389901787042618,14.813017845153809,0.11701752245426178,14.90509033203125,0.20909065008163452
2025-04-30 19:49:00+00:00,0.1362881362438202,0.01346935797482729,-0.14493224024772644,613.6558837890625,683.3228149414062,-1248.51171875,-2499.52294921875,Shutdown,Shutdown,0.0005809228168800473,0.0021524368785321712,22.141204833984375,-1248.51171875,-2499.52294921875,0.2679874897003174,0.4455517530441284,0.010156925767660141,0.00693822605535388,0.0,Shutdown,-0.0016164747066795826,1.8552300930023193,Shutdown,-0.00137325597461313,397.8078308105469,-0.2887582778930664,22.296419143676758,-0.7503431439399719,-0.701409637928009,0.06389901787042618,14.813015937805176,0.11701588332653046,14.90494155883789,0.20894163846969604
2025-04-30 19:49:30+00:00,0.13625989854335785,0.013520447537302971,-0.144718736410141,612.869140625,683.3943481445312,-1248.51171875,-2499.52294921875,Shutdown,Shutdown,0.0005806365516036749,0.002149316482245922,22.140554428100586,-1248.630859375,-2499.761474609375,0.2679874897003174,0.44556209444999695,0.010156925767660141,0.00693822605535388,0.0,Shutdown,-0.0016164747066795826,1.8460747003555298,Shutdown,-0.00137325597461313,400.34368896484375,-0.29298165440559387,22.29693603515625,-0.7141215205192566,-0.7191852331161499,0.06389901787042618,14.813014030456543,0.11701423674821854,14.904792785644531,0.20879262685775757
2025-04-30 19:50:00+00:00,0.1362316608428955,0.013571537099778652,-0.14450521767139435,613.7274169921875,683.3943481445312,-1248.51171875,-2499.52294921875,Shutdown,Shutdown,0.0005803502281196415,0.002146196085959673,22.149999618530273,-1248.630859375,-2499.761474609375,0.2679874897003174,0.4455724358558655,0.010156925767660141,0.00693822605535388,0.0,Shutdown,-0.0016164747066795826,1.8529412746429443,Shutdown,-0.00137325597461313,396.24798583984375,-0.31697511672973633,22.29745101928711,-0.7930809855461121,-0.8044557571411133,0.06389901787042618,14.81301212310791,0.11701259016990662,14.904643058776855,0.2086436152458191
2025-04-30 19:50:30+00:00,0.13620343804359436,0.013622626662254333,-0.1442917138338089,613.5843505859375,683.2512817382812,-1248.51171875,-2499.52294921875,Shutdown,Shutdown,0.0005800639628432691,0.00214307545684278,22.144914627075195,-1248.630859375,-2499.761474609375,0.2679874897003174,0.445582777261734,0.010156925767660141,0.00693822605535388,0.0,Shutdown,-0.0016164747066795826,1.8226139545440674,Shutdown,-0.00137325597461313,392.5692138671875,-0.3303549289703369,22.29796600341797,-0.8349819183349609,-0.8486946821212769,0.06389901787042618,14.813011169433594,0.1170109435915947,14.904494285583496,0.20849460363388062
2025-04-30 19:51:00+00:00,0.13617520034313202,0.013673716224730015,-0.14411377906799316,613.5128173828125,683.1798095703125,-1248.630859375,-2499.761474609375,Shutdown,Shutdown,0.0005797776393592358,0.002139955060556531,22.145000457763672,-1248.630859375,-2499.761474609375,0.2679874897003174,0.44559308886528015,0.010156925767660141,0.00693822605535388,0.0,Shutdown,-0.0016164747066795826,1.8409247398376465,Shutdown,-0.00137325597461313,400.7877197265625,-0.27652090787887573,22.29848289489746,-0.6701800227165222,-0.7090919017791748,0.06389901787042618,14.813009262084961,0.11700929701328278,14.904345512390137,0.20834559202194214
2025-04-30 19:51:30+00:00,0.13614696264266968,0.013724805787205696,-0.14411377906799316,613.2982788085938,683.5374145507812,-1248.51171875,-2499.52294921875,Shutdown,Shutdown,0.0005794913740828633,0.002136834431439638,22.148473739624023,-1248.630859375,-2499.761474609375,0.2679874897003174,0.4456034302711487,0.010156925767660141,0.00693822605535388,0.0,Shutdown,-0.0016164747066795826,1.8363471031188965,Shutdown,-0.00137325597461313,390.0328063964844,-0.33929431438446045,22.29899787902832,-0.9065950512886047,-0.8286840915679932,0.06389901787042618,14.813007354736328,0.11700765043497086,14.904196739196777,0.20819658041000366
2025-04-30 19:52:00+00:00,0.13611872494220734,0.013775895349681377,-0.14411377906799316,613.5843505859375,683.3943481445312,-1248.51171875,-2499.52294921875,Shutdown,Shutdown,0.0005792051088064909,0.002133714035153389,22.146894454956055,-1248.630859375,-2499.761474609375,0.2679874897003174,0.4456137716770172,0.010156925767660141,0.00693822605535388,0.0,Shutdown,-0.0016164747066795826,1.8343443870544434,Shutdown,-0.00137325597461313,408.2317810058594,-0.2643195390701294,22.29951286315918,-0.6231042742729187,-0.6638929843902588,0.06389901787042618,14.813006401062012,0.11700600385665894,14.904047012329102,0.20804756879806519
2025-04-30 19:52:30+00:00,0.1360905021429062,0.013826985843479633,-0.14411377906799316,613.0836791992188,683.2512817382812,-1248.51171875,-2499.52294921875,Shutdown,Shutdown,0.0005789187853224576,0.002130593406036496,22.145315170288086,-1248.630859375,-2499.761474609375,0.2679874897003174,0.44562408328056335,0.010156925767660141,0.00693822605535388,0.0,Shutdown,-0.0016164747066795826,1.8483635187149048,Shutdown,-0.00137325597461313,408.81951904296875,-0.26122844219207764,22.300029754638672,-0.6082857251167297,-0.6798756122589111,0.06389901787042618,14.813004493713379,0.11700435727834702,14.912749290466309,0.2167491465806961
2025-04-30 19:53:00+00:00,0.13606226444244385,0.013878075405955315,-0.14411377906799316,613.5128173828125,682.9652099609375,-1248.630859375,-2499.761474609375,Shutdown,Shutdown,0.0005786325200460851,0.002127473009750247,22.143735885620117,-1248.51171875,-2499.52294921875,0.2679874897003174,0.4456344246864319,0.010156925767660141,0.00693822605535388,0.0,Shutdown,-0.0016164747066795826,1.8423552513122559,Shutdown,-0.00137325597461313,394.24456787109375,-0.3248080015182495,22.30054473876953,-0.8494835495948792,-0.8000510931015015,0.06389901787042618,14.813002586364746,0.11700271815061569,14.908150672912598,0.21215106546878815
2025-04-30 19:53:30+00:00,0.1360340267419815,0.013929164968430996,-0.14411377906799316,612.869140625,682.6790771484375,-1248.51171875,-2499.52294921875,Shutdown,Shutdown,0.0005783461965620518,0.002124352613463998,22.14215660095215,-1248.630859375,-2499.761474609375,0.2679874897003174,0.4456447660923004,0.010156925767660141,0.00693822605535388,0.0,Shutdown,-0.0016164747066795826,1.8260471820831299,Shutdown,-0.00137325597461313,396.54156494140625,-0.29161638021469116,22.30105972290039,-0.7328734993934631,-0.7474697232246399,0.06389901787042618,14.813000679016113,0.11700107157230377,14.903655052185059,0.2076551765203476
2025-04-30 19:54:00+00:00,0.13600578904151917,0.013980254530906677,-0.14411377906799316,613.0836791992188,683.1798095703125,-1248.51171875,-2499.52294921875,Shutdown,Shutdown,0.0005780599312856793,0.002121231984347105,22.140579223632812,-1248.51171875,-2499.52294921875,0.2679874897003174,0.44565507769584656,0.010156925767660141,0.00693822605535388,0.0,Shutdown,-0.0016164747066795826,1.8446440696716309,Shutdown,-0.00137325597461313,396.2725830078125,-0.29425519704818726,22.301576614379883,-0.77936851978302,-0.7387672662734985,0.06389901787042618,14.812999725341797,0.11699942499399185,14.900078773498535,0.20407889783382416
2025-04-30 19:54:30+00:00,0.13597756624221802,0.014031344093382359,-0.14411377906799316,613.5128173828125,683.1798095703125,-1248.51171875,-2499.52294921875,Shutdown,Shutdown,0.0005777736660093069,0.002118111588060856,22.138999938964844,-1248.630859375,-2499.761474609375,0.2679874897003174,0.4456654191017151,0.010156925767660141,0.00693822605535388,0.0,Shutdown,-0.0016164747066795826,1.8520828485488892,Shutdown,-0.00137325597461313,392.5396728515625,-0.3339053988456726,22.302091598510742,-0.8816551566123962,-0.8167157173156738,0.06389901787042618,14.812997817993164,0.11699777841567993,14.897098541259766,0.20109866559505463
2025-04-30 19:55:00+00:00,0.13598468899726868,0.01408243365585804,-0.15126633644104004,614.0850219726562,682.8936767578125,-1248.51171875,-2499.52294921875,Shutdown,Shutdown,0.0005774873425252736,0.002114990958943963,22.137420654296875,-1248.630859375,-2499.761474609375,0.2679874897003174,0.4456757605075836,0.010156925767660141,0.00693822605535388,0.0,Shutdown,-0.0016164747066795826,1.8529412746429443,Shutdown,-0.00137325597461313,388.77911376953125,-0.3474184572696686,22.302608489990234,-0.8747167587280273,-0.8871460556983948,0.06389901787042618,14.812995910644531,0.11699613183736801,14.899482727050781,0.20348285138607025
2025-04-30 19:55:30+00:00,0.13610801100730896,0.014133523218333721,-0.1464979648590088,613.2267456054688,682.9652099609375,-1248.51171875,-2499.52294921875,Shutdown,Shutdown,0.0005772010772489011,0.002111870562657714,22.135841369628906,-1248.51171875,-2499.52294921875,0.2679874897003174,0.44568607211112976,0.010156925767660141,0.00693822605535388,0.0,Shutdown,-0.0016164747066795826,1.844071865081787,Shutdown,-0.00137325597461313,387.7392272949219,-0.3529893159866333,22.303123474121094,-0.9288870096206665,-0.8713864088058472,0.06389901787042618,14.812994003295898,0.11699448525905609,14.901866912841797,0.20586703717708588
2025-04-30 19:56:00+00:00,0.13623133301734924,0.014184613712131977,-0.14411377906799316,614.3711547851562,682.8221435546875,-1248.51171875,-2499.52294921875,Shutdown,Shutdown,0.0005769147537648678,0.002108749933540821,22.134262084960938,-1248.630859375,-2499.761474609375,0.2679874897003174,0.4456964135169983,0.010156925767660141,0.00693822605535388,0.0,Shutdown,-0.0016164747066795826,1.825761079788208,Shutdown,-0.00137325597461313,398.5758056640625,-0.2792598605155945,22.303638458251953,-0.7267148494720459,-0.6732373833656311,0.06389901787042618,14.812993049621582,0.11699283868074417,14.904012680053711,0.20801280438899994
2025-04-30 19:56:30+00:00,0.13635465502738953,0.014268318191170692,-0.1342790126800537,614.2280883789062,683.0367431640625,-1248.630859375,-2499.761474609375,Shutdown,Shutdown,0.0005766284884884953,0.002105629537254572,22.13268280029297,-1248.630859375,-2499.761474609375,0.2679874897003174,0.4457067549228668,0.010156925767660141,0.00693822605535388,0.0,Shutdown,-0.0016164747066795826,1.8320555686950684,Shutdown,-0.00137325597461313,394.806640625,-0.31482958793640137,22.304155349731445,-0.7695494890213013,-0.8261248469352722,0.06389901787042618,14.81299114227295,0.11699119210243225,14.904012680053711,0.20801280438899994
2025-04-30 19:57:00+00:00,0.13647796213626862,0.01437696535140276,-0.1476900577545166,613.5843505859375,683.1798095703125,-1248.51171875,-2499.52294921875,Shutdown,Shutdown,0.0005763422232121229,0.0021025091409683228,22.131103515625,-1248.630859375,-2499.761474609375,0.2679874897003174,0.44571706652641296,0.010156925767660141,0.00693822605535388,0.0,Shutdown,-0.0016164747066795826,1.845502495765686,Shutdown,-0.00137325597461313,392.6421813964844,-0.31977903842926025,22.304670333862305,-0.8014513850212097,-0.8086346387863159,0.06389901787042618,14.812989234924316,0.11698955297470093,14.904012680053711,0.20801280438899994
2025-04-30 19:57:30+00:00,0.1366012841463089,0.014485611580312252,-0.1476900577545166,613.6558837890625,682.8936767578125,-1248.51171875,-2499.52294921875,Shutdown,Shutdown,0.0005760558997280896,0.00209938851185143,22.137998580932617,-1248.51171875,-2499.52294921875,0.2679874897003174,0.4457274079322815,0.010156925767660141,0.00693822605535388,0.0,Shutdown,-0.0016164747066795826,1.8380637168884277,Shutdown,-0.00137325597461313,396.2972412109375,-0.306702196598053,22.305185317993164,-0.745032012462616,-0.7908802628517151,0.06389901787042618,14.81298828125,0.11698790639638901,14.904012680053711,0.20801280438899994
2025-04-30 19:58:00+00:00,0.13672460615634918,0.014594257809221745,-0.1476900577545166,613.3698120117188,683.2512817382812,-1248.51171875,-2499.52294921875,Shutdown,Shutdown,0.0005757696344517171,0.0020962681155651808,22.13458251953125,-1248.630859375,-2499.761474609375,0.2679874897003174,0.44573774933815,0.010156925767660141,0.00693822605535388,0.0,Shutdown,-0.0016164747066795826,1.8529412746429443,Shutdown,-0.00137325597461313,389.7096862792969,-0.32225942611694336,22.305702209472656,-0.8813295364379883,-0.7660205364227295,0.06389901787042618,14.812986373901367,0.11698625981807709,14.904012680053711,0.20801280438899994
2025-04-30 19:58:30+00:00,0.13684792816638947,0.014702904038131237,-0.1476900577545166,613.1552124023438,682.8936767578125,-1248.51171875,-2499.52294921875,Shutdown,Shutdown,0.0005754833109676838,0.002093147486448288,22.13847541809082,-1248.630859375,-2499.761474609375,0.2679874897003174,0.44574806094169617,0.010156925767660141,0.00693822605535388,0.0,Shutdown,-0.0016164747066795826,1.853513479232788,Shutdown,-0.00137325597461313,388.8410339355469,-0.3389934301376343,22.306217193603516,-0.8638266324996948,-0.8684599995613098,0.06389901787042618,14.812984466552734,0.11698461323976517,14.904012680053711,0.20801280438899994
2025-04-30 19:59:00+00:00,0.13697125017642975,0.01481155026704073,-0.1476900577545166,613.7989501953125,682.9652099609375,-1248.51171875,-2499.52294921875,Shutdown,Shutdown,0.0005751970456913114,0.002090027090162039,22.135784149169922,-1248.51171875,-2499.52294921875,0.2679874897003174,0.4457584023475647,0.010156925767660141,0.00693822605535388,0.0,Shutdown,-0.0016164747066795826,1.8423552513122559,Shutdown,-0.00137325597461313,391.82379150390625,-0.3124876916408539,22.306732177734375,-0.836524248123169,-0.7547897696495056,0.06389901787042618,14.812982559204102,0.11698296666145325,14.904012680053711,0.20801280438899994
2025-04-30 19:59:30+00:00,0.13709457218647003,0.014920197427272797,-0.1476900577545166,613.1552124023438,683.2512817382812,-1248.51171875,-2499.52294921875,Shutdown,Shutdown,0.0005749107804149389,0.002086906461045146,22.133094787597656,-1248.630859375,-2499.761474609375,0.2679874897003174,0.4457687437534332,0.010156925767660141,0.00693822605535388,0.0,Shutdown,-0.0016164747066795826,1.8269054889678955,Shutdown,-0.00137325597461313,387.73779296875,-0.316871702671051,22.307249069213867,-0.7804798483848572,-0.8534040451049805,0.06389901787042618,14.812981605529785,0.11698132008314133,14.904012680053711,0.20801280438899994
2025-04-30 20:00:00+00:00,0.13721789419651031,0.015028843656182289,-0.1476900577545166,613.5843505859375,683.4658813476562,-1248.51171875,-2499.52294921875,Shutdown,Shutdown,0.0005746244569309056,0.002083786064758897,22.130403518676758,-1248.630859375,-2499.761474609375,0.2679874897003174,0.44577905535697937,0.010156925767660141,0.00693822605535388,0.0,Shutdown,-0.0016164747066795826,1.8463608026504517,Shutdown,-0.00137325597461313,397.3768005371094,-0.27941185235977173,22.307764053344727,-0.6802285313606262,-0.7255152463912964,0.06389901787042618,14.812979698181152,0.1169796735048294,14.904012680053711,0.20801280438899994
